claim_amount,previous_claims,rejected_claims,claim_frequency,evidence_status,document_consistency,claim_after_policy,risk
141958,5,0,2,1,2,4,High
691155,9,3,2,0,0,24,High
151932,2,1,0,0,0,23,Low
385838,5,1,2,2,1,5,High
279178,5,4,0,1,2,0,High
664167,1,3,2,2,0,9,High
130268,6,2,1,0,1,4,Medium
752180,1,4,0,1,1,0,High
74886,5,1,2,2,1,22,High
157337,0,3,1,2,2,10,High
541430,2,4,2,2,2,23,High
974698,1,3,1,0,1,23,Medium
107498,6,1,1,2,2,6,High
919159,3,4,2,1,2,17,High
932756,7,1,2,2,0,20,High
195203,5,0,1,0,1,19,Medium
211335,9,1,1,2,1,20,High
298167,3,3,1,0,2,9,High
61090,4,2,0,0,1,24,Medium
349365,8,1,1,1,1,14,High
84820,6,2,0,1,1,3,Medium
807201,9,0,1,2,2,15,High
341879,8,4,0,0,2,14,High
738315,6,4,1,0,2,14,High
347069,0,2,1,1,0,11,Medium
796997,7,4,1,1,1,7,High
219041,3,1,2,2,0,7,High
811743,2,2,2,0,2,17,High
123355,6,3,1,1,0,5,High
255796,2,1,0,2,1,4,High
234176,7,1,0,0,1,1,High
204779,5,1,1,0,2,11,High
367449,4,3,2,1,2,3,High
441909,3,0,0,2,0,22,Medium
278795,7,4,2,1,2,12,High
506232,7,2,0,2,0,16,High
937040,0,0,1,0,1,15,Medium
520186,8,2,2,2,1,8,High
176730,4,4,0,2,1,0,High
890910,3,3,1,2,1,14,High
404681,5,1,1,2,1,11,High
169503,5,1,1,2,0,4,High
674811,1,3,2,1,1,22,High
547035,7,0,2,2,0,23,High
668143,6,0,1,2,1,17,High
472366,0,2,2,0,0,19,Medium
85725,4,3,0,2,0,1,High
149981,5,0,1,0,0,3,Medium
104654,3,3,1,1,2,14,High
973277,1,4,2,1,0,5,High
925778,3,1,1,2,0,21,High
611723,0,1,0,1,1,11,Medium
339030,6,1,2,2,0,17,High
348947,1,3,2,1,0,19,High
575839,1,3,1,2,2,3,High
922648,8,2,1,2,1,0,High
293538,4,1,1,0,2,14,High
351236,1,2,2,0,2,17,Medium
548178,8,1,1,0,2,13,High
585894,8,2,0,0,0,2,High
509492,0,2,1,2,2,14,High
276840,2,4,1,1,2,4,High
493254,3,2,2,2,1,23,High
369457,6,3,1,0,1,21,High
685987,9,2,2,0,1,2,High
290936,3,1,1,1,1,21,High
259931,1,2,0,0,2,6,Medium
259629,6,0,0,2,1,5,High
225041,5,1,2,2,0,21,High
718361,2,0,2,2,2,0,High
751912,5,1,1,2,1,18,High
437113,5,3,1,2,2,6,High
88148,4,3,0,1,1,3,Medium
797089,3,3,1,2,2,11,High
668531,9,0,0,0,1,19,Medium
271995,0,4,2,0,0,22,Medium
926606,9,1,1,0,1,24,High
698843,5,3,2,0,2,17,High
930790,1,1,1,1,2,8,High
592843,2,0,0,0,0,18,Medium
276508,7,4,2,1,2,21,High
823591,9,0,2,0,0,3,High
916942,5,1,1,1,2,0,High
126530,2,4,2,1,2,8,High
624365,6,4,0,1,0,14,High
842352,3,0,2,0,2,21,High
480337,8,3,2,1,2,7,High
744839,4,1,1,2,0,14,High
825889,2,2,2,2,1,14,High
479773,1,2,1,0,0,17,Medium
228261,1,0,1,2,2,6,Medium
784469,2,1,2,2,1,21,High
361097,1,1,0,2,1,17,Medium
335139,3,0,1,0,1,15,Medium
191829,1,1,2,0,0,1,Medium
291836,9,3,1,2,1,3,High
458974,8,0,0,0,1,19,Medium
222283,1,3,0,1,1,15,Medium
216769,8,1,1,2,2,2,High
581353,5,0,0,0,0,23,Medium
243165,0,1,2,0,0,22,Medium
643587,3,0,2,2,2,1,High
970110,0,1,1,0,1,2,Medium
555822,5,3,0,2,2,24,High
507879,3,3,2,0,2,4,High
584685,2,1,2,1,1,1,High
802038,2,0,2,2,1,18,High
373531,8,2,1,1,0,23,High
283160,5,3,1,2,1,19,High
599879,8,3,2,0,2,1,High
240884,4,2,2,1,2,1,High
43247,1,1,0,0,1,21,Low
44300,7,0,0,2,0,23,Medium
487281,4,1,0,2,2,22,High
627086,1,4,1,2,1,19,High
553556,3,3,2,2,0,17,High
368951,8,4,1,2,0,24,High
294329,3,3,2,1,2,19,High
739064,3,3,0,2,2,24,High
762139,1,4,0,0,0,20,Medium
452315,5,4,0,1,0,13,High
946075,1,1,0,0,0,14,Medium
536588,6,4,2,2,1,11,High
256584,2,1,0,0,2,10,Medium
582332,2,1,2,1,0,10,High
857646,4,1,2,1,2,6,High
998732,2,3,1,1,2,11,High
396896,1,3,0,0,2,15,Medium
68984,9,4,0,1,0,4,Medium
322918,8,3,1,0,1,1,High
284712,1,4,2,2,0,21,High
140151,1,3,0,2,2,15,Medium
475808,7,0,2,0,0,22,Medium
153767,8,0,1,1,0,14,Medium
668663,6,4,2,0,2,10,High
723550,2,3,0,0,2,5,High
156330,8,3,2,0,0,12,High
500754,2,1,2,2,0,18,High
321648,4,2,0,0,0,9,Medium
708519,8,4,0,2,0,23,High
33986,2,2,2,0,1,18,Medium
606146,6,2,2,2,0,4,High
149312,0,4,1,0,1,24,Medium
32666,3,3,0,0,2,20,Medium
320804,3,4,2,1,1,6,High
154633,6,2,0,1,2,10,High
308998,7,3,1,0,1,13,High
870937,0,0,2,0,2,22,Medium
648776,4,4,2,0,0,20,High
727611,6,4,2,0,1,15,High
304806,3,3,0,1,1,17,High
814824,3,0,1,2,2,20,High
50535,3,0,0,0,2,22,Medium
395713,5,3,2,1,1,22,High
858688,6,1,1,0,2,3,High
371279,1,4,2,0,0,0,High
933910,4,4,2,2,1,21,High
841654,3,2,0,0,0,14,Medium
621661,2,3,2,0,1,13,High
667972,6,2,1,2,0,18,High
509570,5,2,2,2,1,4,High
476551,6,0,2,2,2,3,High
293109,4,4,0,2,1,12,High
44538,5,2,1,1,0,17,Medium
914498,4,0,0,1,1,11,Medium
221664,6,3,2,1,0,22,High
511234,1,2,0,0,0,20,Medium
919684,4,4,0,2,0,14,High
159182,5,2,0,2,2,22,High
492525,5,3,0,1,1,8,High
178338,4,2,2,0,0,3,Medium
204064,9,4,2,0,2,4,High
234020,6,0,1,0,0,8,Medium
643094,9,4,0,1,1,12,High
944414,7,0,0,0,2,9,High
917421,6,1,1,0,0,15,High
635270,4,4,0,0,0,12,High
665914,0,4,1,2,0,3,High
139176,4,3,2,1,1,20,High
937710,9,2,1,2,2,12,High
238126,1,0,0,2,2,20,Medium
238969,4,0,1,1,2,7,High
142409,4,3,2,2,0,12,High
567707,1,3,0,0,2,14,High
988140,4,2,2,0,0,19,High
273618,3,2,2,0,1,19,High
789598,0,4,1,0,2,12,High
70015,2,1,2,1,0,22,Medium
792838,0,2,0,2,2,4,High
142096,4,3,2,2,2,21,High
651347,3,2,2,0,1,21,High
205340,6,0,1,0,2,5,High
130687,4,1,2,2,1,4,High
894371,9,4,1,1,2,12,High
431357,3,0,1,2,2,4,High
755716,1,0,0,0,2,24,Medium
125878,3,1,0,0,2,12,Medium
747270,1,4,0,1,2,23,High
993548,7,3,0,2,2,19,High
218286,2,4,1,1,1,22,High
793290,8,2,2,1,1,7,High
794684,3,0,0,0,0,8,Medium
184899,5,2,0,2,2,20,High
993324,9,3,0,0,1,18,High
344767,4,2,2,2,2,19,High
881882,9,4,0,0,2,14,High
899858,0,2,2,0,1,21,Medium
399989,8,3,1,2,2,9,High
435515,0,3,1,2,1,10,High
63585,7,3,1,0,1,4,Medium
391369,8,4,2,2,0,8,High
84044,8,3,0,0,0,10,Medium
980061,0,0,0,2,0,18,Medium
462296,1,3,0,0,0,1,Medium
129556,0,2,0,0,2,5,Low
546981,9,2,0,0,2,22,High
901691,1,2,2,1,0,20,High
787595,9,4,1,2,1,0,High
220235,7,2,0,0,1,2,Medium
45939,4,4,1,1,1,2,Medium
986429,6,4,2,0,1,13,High
980445,1,3,2,1,2,19,High
172906,7,0,0,0,1,21,Medium
562335,5,3,2,0,1,4,High
308249,7,3,1,1,0,16,High
95766,0,4,0,1,1,14,Medium
428923,0,4,0,2,2,5,High
435192,6,2,1,2,1,13,High
588550,7,2,0,1,1,13,High
407261,2,3,0,2,2,24,High
830208,4,1,1,1,0,16,High
705440,0,1,0,2,2,7,High
672664,6,2,0,0,0,7,High
474589,4,1,1,2,1,18,High
157848,7,2,2,0,0,8,Medium
637075,7,4,1,0,0,10,High
147948,8,3,0,2,0,12,High
599304,6,0,1,1,1,12,High
422690,0,3,0,0,0,23,Medium
519046,2,2,0,0,0,18,Medium
471269,7,2,1,2,1,20,High
41959,2,3,0,1,2,18,High
680890,7,2,2,1,2,4,High
770216,0,1,0,2,2,15,High
925533,4,1,1,1,1,8,High
810180,3,2,2,2,1,19,High
248576,4,2,2,2,2,21,High
557833,7,1,0,2,0,2,High
934091,9,2,1,0,2,18,High
185838,3,2,0,0,1,4,Medium
355674,3,3,0,0,0,7,Medium
899989,2,0,1,2,0,13,High
81087,6,1,1,0,1,23,Medium
613128,2,3,0,0,0,2,High
138451,2,0,2,0,2,23,Medium
467600,9,2,0,2,1,12,High
857437,4,2,2,2,1,10,High
459792,4,3,0,2,1,7,High
59353,5,2,1,0,1,18,Medium
213075,7,4,2,1,0,9,High
234283,9,3,1,0,1,17,High
334877,5,0,1,0,1,17,Medium
85318,0,3,1,2,0,24,Medium
785313,7,1,1,2,1,6,High
502690,7,3,1,0,0,15,High
436880,8,2,0,0,0,5,Medium
611460,8,2,2,1,1,15,High
760976,1,4,0,1,2,15,High
801239,1,4,0,2,1,22,High
113264,2,4,0,1,2,23,High
790746,0,0,1,1,0,0,Medium
833168,3,4,0,2,2,23,High
245281,3,0,2,1,1,18,High
657147,8,4,0,0,1,2,High
918613,8,0,1,1,2,5,High
414070,8,3,2,2,1,3,High
372228,9,3,2,0,2,3,High
451839,6,2,2,1,0,3,High
289536,1,0,2,0,2,9,Medium
337824,9,1,0,0,2,8,High
277426,4,2,1,1,2,7,High
197789,3,3,2,1,2,18,High
533153,7,0,2,2,0,16,High
762452,1,4,1,2,0,16,High
857291,5,1,0,0,0,0,High
145657,4,3,2,2,2,19,High
255167,1,2,0,0,0,13,Low
701669,9,0,0,0,1,21,Medium
500671,0,1,0,2,0,19,Medium
739094,7,0,0,2,2,10,High
90467,1,4,2,2,1,2,High
203734,6,2,2,1,2,23,High
642794,8,0,0,0,1,7,Medium
129751,8,3,0,0,2,21,High
401050,7,2,1,0,2,24,High
950192,9,3,1,2,1,9,High
831774,8,0,1,2,0,16,High
712517,1,2,2,2,1,7,High
481079,5,3,1,2,1,21,High
388452,3,4,2,2,1,0,High
989587,3,4,2,1,1,19,High
126081,4,0,2,2,1,20,Medium
633333,2,2,2,0,2,6,High
578986,0,1,1,2,2,23,High
130078,7,2,0,0,0,8,Medium
887055,4,4,0,2,0,11,High
42671,2,3,0,2,1,21,High
438400,9,1,1,0,0,8,Medium
375528,6,0,0,0,0,19,Medium
979611,6,1,1,0,1,23,High
630490,0,0,1,0,2,2,Medium
71663,8,1,1,1,2,3,High
35708,1,0,0,0,0,9,Low
898338,4,0,0,2,2,3,High
331955,4,1,0,2,2,21,High
153883,7,1,2,1,0,8,High
338394,7,0,1,0,1,21,Medium
132547,6,4,2,2,0,0,High
930681,6,1,1,1,0,4,High
579042,5,2,0,2,0,8,High
771102,5,3,1,1,1,4,High
782002,8,0,1,1,1,5,High
162483,5,0,2,0,1,18,Medium
678271,1,3,1,1,1,7,High
234835,1,4,0,2,0,9,Medium
421896,4,3,1,2,2,10,High
104896,3,1,1,0,0,12,Medium
497095,1,3,1,0,1,19,Medium
91295,2,0,2,1,2,3,Medium
763974,6,3,1,0,0,10,High
907121,7,2,1,2,2,11,High
293255,5,1,2,2,1,4,High
319648,4,3,2,0,2,9,High
677162,0,0,2,0,2,24,Medium
28155,7,1,2,0,1,23,Medium
486872,2,0,0,1,2,6,Medium
845816,5,4,0,1,0,20,High
394705,2,2,1,2,2,8,High
591542,6,4,0,1,0,8,High
828350,6,2,1,1,2,9,High
630269,8,3,0,1,2,9,High
998217,4,1,2,1,1,1,High
574594,7,3,2,2,1,3,High
167718,9,2,0,0,0,7,Medium
328987,9,2,0,2,1,13,High
665263,7,2,1,1,1,16,High
378745,0,0,1,0,1,12,Low
127512,4,1,1,0,1,20,Medium
167443,2,3,2,0,1,23,Medium
490587,0,3,2,2,0,17,High
393616,3,4,2,0,0,17,High
677409,7,2,2,2,1,12,High
706976,2,2,1,2,1,7,High
385871,9,2,2,1,0,11,High
395037,1,3,2,1,2,24,High
827364,8,4,2,0,0,22,High
137796,9,0,2,0,2,23,Medium
311999,4,1,0,1,1,20,Medium
212506,6,0,1,2,1,0,High
718376,1,3,1,2,0,19,High
289544,8,2,2,1,1,17,High
400002,8,1,0,2,2,2,High
718002,3,3,1,1,2,11,High
559439,3,3,1,1,0,18,High
988911,5,3,2,0,2,24,High
610978,9,1,2,0,0,12,High
548787,9,1,1,1,0,9,High
550583,9,4,1,0,2,14,High
927317,5,4,0,1,2,19,High
408215,0,0,1,2,2,1,High
341184,8,1,1,2,2,18,High
818615,1,1,2,2,2,2,High
442515,4,1,1,2,2,13,High
688234,8,4,2,1,2,6,High
398480,3,3,1,2,1,7,High
52711,2,2,1,2,0,10,Medium
811971,6,4,1,2,0,21,High
521157,5,1,0,2,2,19,High
204423,7,4,2,1,0,5,High
998771,2,0,0,2,2,10,High
536349,4,1,1,0,1,16,High
723714,9,0,0,0,0,9,Medium
932495,3,1,2,0,0,23,High
677917,3,4,1,0,1,16,High
844792,3,3,0,0,1,20,High
757378,9,2,0,0,1,1,High
153272,7,0,2,1,0,5,Medium
787836,5,4,0,0,0,24,High
722335,2,3,2,2,1,4,High
827789,9,4,1,0,1,3,High
663409,4,0,1,1,1,1,High
97505,5,2,0,0,1,11,Medium
22869,4,4,1,2,1,2,High
801474,5,1,1,2,2,5,High
474351,7,3,0,1,1,23,High
332252,6,4,1,1,2,13,High
656584,4,3,0,1,0,7,High
638467,9,1,2,1,0,20,High
110272,5,2,2,0,2,20,High
58467,3,2,2,0,1,13,Medium
829760,8,1,0,2,0,2,High
897844,3,3,0,1,1,15,High
500047,0,4,1,1,1,14,High
679347,6,1,1,0,2,6,High
78871,6,0,1,1,0,14,Medium
959903,3,3,1,2,0,12,High
148391,2,2,1,2,2,5,High
459430,7,1,0,1,1,14,High
630704,4,2,0,2,1,16,High
876703,9,3,2,2,0,3,High
850496,6,2,2,0,2,21,High
276687,3,1,2,2,2,21,High
745451,3,3,2,1,1,13,High
127450,7,0,0,1,1,14,Medium
191890,7,1,0,2,2,11,High
458741,1,4,0,1,0,18,Medium
301974,1,1,1,0,1,21,Medium
954933,2,3,1,2,2,9,High
420109,2,1,2,2,2,5,High
136381,0,0,1,2,2,24,Medium
493125,2,0,0,1,0,8,Medium
591621,5,4,2,1,1,1,High
154508,7,2,2,2,1,3,High
749650,9,3,1,1,1,8,High
882645,5,3,2,1,0,14,High
419111,4,2,1,2,1,12,High
170810,3,0,1,2,1,19,Medium
312890,2,0,2,1,1,7,High
593665,3,1,1,2,1,18,High
985908,6,4,1,2,0,18,High
860477,0,4,1,2,2,24,High
380032,6,4,1,2,2,15,High
977294,0,1,2,1,1,10,High
389599,1,4,0,2,1,9,High
680960,3,2,0,0,1,7,Medium
770020,0,1,1,2,0,0,High
899611,8,2,1,0,1,9,High
191836,5,1,1,2,0,17,High
749903,0,4,0,0,1,2,Medium
65714,0,2,1,0,1,10,Low
994339,5,2,2,2,2,17,High
647234,3,2,2,2,1,2,High
916048,3,1,2,2,0,7,High
650271,5,3,0,0,2,13,High
486960,6,4,1,1,0,5,High
731851,8,2,1,1,2,14,High
144123,9,3,1,2,0,13,High
956093,4,4,0,1,2,6,High
325628,8,4,0,1,0,9,High
102989,3,2,0,2,0,14,Medium
318356,9,2,0,0,1,9,Medium
849957,1,1,2,2,2,21,High
198274,2,3,0,1,2,16,High
707995,0,3,0,0,1,18,Medium
345352,5,2,0,1,0,16,High
840260,5,4,1,0,0,11,High
431927,0,2,1,1,2,14,Medium
809852,2,4,1,2,0,11,High
903184,4,4,2,1,2,24,High
151373,2,2,2,1,2,8,High
458452,9,0,0,0,0,4,Medium
135294,2,3,1,1,0,3,Medium
479451,9,4,2,2,0,11,High
991744,2,4,1,2,1,15,High
668307,4,0,2,2,2,8,High
85726,4,1,2,0,0,24,Medium
161564,3,0,0,0,1,2,Low
397812,0,0,0,1,0,20,Low
288246,4,4,2,1,2,2,High
725696,9,3,0,1,1,17,High
138015,4,0,2,0,2,16,Medium
760674,3,1,2,0,0,9,High
274079,5,2,1,1,0,1,High
570929,9,0,0,0,0,23,Medium
709944,3,0,0,0,1,10,Medium
708105,6,1,0,2,1,23,High
533758,6,3,1,2,1,2,High
960597,1,0,1,1,1,22,Medium
385890,2,0,1,1,0,22,Medium
465101,0,3,0,2,0,1,High
56631,7,1,0,0,0,8,Medium
786577,8,0,0,1,1,18,High
92991,3,3,1,1,1,1,High
24014,5,0,1,1,0,18,Medium
293237,8,2,2,0,0,1,High
38070,5,4,1,2,1,14,High
842209,8,2,2,1,2,23,High
76958,3,0,0,2,0,20,Medium
102074,7,1,1,2,0,2,High
555017,8,4,0,0,0,4,High
775073,3,2,0,0,1,10,Medium
196089,4,3,0,0,0,23,Medium
217392,7,1,0,0,0,6,Medium
178823,9,2,1,0,0,5,Medium
650152,5,3,0,0,0,13,High
413002,6,0,2,1,0,0,High
753429,2,3,1,2,2,16,High
518863,6,2,0,0,2,16,High
387654,7,2,1,1,0,13,High
599036,9,0,2,2,0,9,High
550089,5,3,0,0,0,7,High
170262,9,3,2,0,0,7,High
462905,8,0,0,1,1,13,Medium
255362,5,3,2,2,1,6,High
464209,8,0,0,0,1,5,Medium
573880,3,1,1,2,2,3,High
817079,7,2,0,1,0,0,High
684076,3,1,1,0,1,14,High
239963,1,4,0,2,0,24,Medium
500761,9,4,0,1,0,14,High
268710,8,4,2,1,2,0,High
240984,4,0,2,0,2,19,High
917059,3,3,2,2,1,2,High
876748,1,1,0,0,1,22,Medium
802355,0,1,0,0,2,4,Medium
284512,6,1,0,2,2,4,High
621863,5,1,1,2,0,3,High
288799,1,4,1,2,0,16,High
257549,7,1,0,1,1,20,High
614319,3,3,2,1,1,19,High
504299,7,4,2,2,2,13,High
632210,6,1,2,1,1,7,High
468982,4,0,0,0,0,1,Medium
144046,9,2,2,2,2,7,High
426619,9,2,0,0,0,0,High
52097,7,2,1,2,2,3,High
686326,8,4,2,0,2,18,High
669150,4,1,1,2,0,4,High
250229,9,4,2,0,1,4,High
138834,4,3,0,2,1,20,High
113848,1,0,0,2,1,19,Low
72921,4,0,0,1,1,23,Medium
725086,2,2,0,0,0,18,Medium
670429,6,2,2,1,2,11,High
725660,9,2,1,0,0,19,High
304821,4,1,0,1,1,0,High
75609,7,3,2,2,1,6,High
247897,0,3,1,1,0,16,Medium
994165,2,3,0,1,2,1,High
51024,2,3,1,2,0,10,High
90313,8,2,0,1,0,6,Medium
409957,4,0,1,2,0,16,Medium
204078,8,2,1,0,2,2,High
377429,8,3,0,1,0,21,High
952842,0,2,2,2,0,5,High
481243,1,3,1,2,1,21,High
133632,4,4,0,1,0,10,Medium
957012,3,0,1,0,1,17,Medium
271451,9,4,1,1,1,17,High
23051,8,1,2,2,1,21,High
724107,6,2,1,0,2,9,High
396836,5,1,1,1,1,4,High
631523,6,2,0,2,0,22,High
991525,0,4,0,1,0,22,Medium
741772,0,3,2,0,1,20,High
209407,7,3,1,0,1,23,High
469395,1,2,1,0,0,21,Medium
969597,9,3,1,0,1,14,High
482894,8,4,2,0,2,20,High
231810,6,3,1,1,1,19,High
977238,5,4,0,0,2,22,High
747975,0,1,2,0,2,3,High
93523,0,4,0,2,2,20,Medium
780463,1,0,0,0,1,20,Medium
114476,5,0,2,2,2,0,High
253841,5,0,0,2,2,14,High
823451,1,2,1,2,1,16,High
890045,0,2,2,1,2,18,High
242866,9,2,0,1,1,13,High
106672,4,4,1,2,0,18,High
618135,4,2,1,1,2,17,High
364894,1,1,0,0,1,1,Medium
754994,5,0,1,1,0,5,High
48251,8,4,2,0,2,12,High
647769,1,0,0,0,2,16,Medium
394710,9,2,1,1,1,5,High
570233,1,4,1,1,0,20,High
897284,2,3,0,2,1,21,High
52217,6,1,0,1,2,4,High
28308,5,2,0,1,2,6,High
288093,7,2,0,1,2,0,High
203062,7,1,2,0,2,12,High
414366,5,1,0,0,0,18,Medium
764840,9,3,2,0,0,21,High
120235,2,2,2,2,1,0,High
94740,2,2,0,2,1,12,Medium
398496,0,0,2,2,1,10,Medium
873049,6,4,0,0,2,6,High
770201,4,4,0,1,1,19,High
823328,3,0,1,2,0,2,High
937230,9,4,0,2,1,24,High
197247,3,1,1,0,1,0,Medium
683165,3,4,2,2,0,7,High
549525,5,4,1,1,0,16,High
40056,7,0,2,0,2,12,Medium
196615,7,3,0,0,0,13,Medium
207628,4,4,2,1,0,4,High
658836,5,4,2,1,1,23,High
393632,3,3,0,1,0,21,High
154415,8,0,2,2,2,22,High
426716,7,3,0,1,1,23,High
466438,9,0,1,0,2,5,High
573663,9,1,0,1,0,21,High
685022,0,0,0,0,2,5,Medium
561252,1,1,2,0,2,20,High
657717,8,1,1,2,0,7,High
272764,7,0,0,1,0,12,Medium
734998,2,2,1,2,1,17,High
486882,7,0,1,1,1,22,High
760427,0,4,2,1,1,3,High
532153,9,4,0,1,0,16,High
87215,3,2,2,1,2,4,High
875474,2,1,0,1,2,2,High
164356,5,2,1,0,1,3,Medium
223861,6,4,0,0,1,22,High
375612,3,2,0,1,0,4,Medium
474605,6,0,1,0,2,13,High
29435,8,2,1,2,1,14,High
467556,1,1,0,2,0,19,Medium
719438,2,0,2,2,1,16,High
885264,4,3,0,1,0,5,High
595581,2,4,1,1,2,9,High
98781,7,4,2,0,0,21,High
211475,9,2,1,0,1,22,High
180196,7,0,1,0,1,15,Medium
246507,7,3,2,2,2,16,High
326063,8,0,1,2,2,13,High
784121,3,4,1,2,1,19,High
796665,4,0,1,2,1,11,High
710607,4,3,1,0,1,8,High
141172,7,2,1,1,2,14,High
376902,6,1,1,1,1,11,High
504963,8,0,1,2,2,13,High
475968,7,1,1,1,1,21,High
338717,1,4,1,1,0,17,Medium
79101,9,2,0,1,0,19,Medium
515972,3,2,0,2,1,5,High
308790,5,0,1,0,0,3,Medium
910617,1,2,0,0,2,22,Medium
567337,6,0,2,1,0,11,High
754965,2,0,0,0,0,12,Medium
380260,2,1,1,0,2,18,High
903811,1,2,1,2,0,21,High
612673,7,0,0,2,0,12,High
670419,5,1,1,1,1,11,High
453374,0,3,2,1,2,19,High
740777,0,1,2,1,2,2,High
567577,6,1,1,2,1,2,High
392370,7,0,2,0,1,13,High
907225,4,4,2,2,0,17,High
291967,4,4,0,2,0,18,High
211232,3,4,2,0,0,9,High
324119,5,1,0,0,1,16,Medium
29540,5,0,1,1,2,14,Medium
560652,2,2,0,0,0,18,Medium
417827,8,1,1,0,1,8,High
571951,6,1,1,0,2,3,High
71991,0,0,1,0,1,14,Low
208751,6,3,1,1,0,18,High
386326,4,1,1,1,1,15,High
706337,4,3,0,0,1,7,High
638992,1,3,1,0,1,16,Medium
69115,3,4,2,1,1,20,High
373151,5,0,2,1,2,0,High
763583,9,3,1,0,0,6,High
211962,6,0,2,2,2,20,High
741747,4,4,0,1,1,17,High
169143,8,0,0,1,1,11,Medium
734635,2,1,1,1,0,15,High
556226,0,3,1,0,0,0,High
972699,3,0,1,0,2,14,High
373824,8,2,2,1,2,6,High
24000,3,0,2,0,0,16,Medium
745948,1,3,0,0,2,2,High
907474,9,4,2,1,1,10,High
375754,4,4,0,0,1,5,Medium
271492,2,3,2,2,0,5,High
910123,8,1,0,0,2,14,High
519522,3,1,1,0,1,6,High
511072,5,4,2,1,0,10,High
58304,1,4,0,1,2,16,Medium
524999,5,3,2,2,1,22,High
351593,2,1,1,0,2,17,High
627274,8,4,0,2,2,21,High
171836,1,1,2,2,2,23,High
128940,8,4,2,1,0,20,High
844926,4,0,1,0,1,18,Medium
285517,7,2,1,1,0,7,High
687521,1,0,0,2,1,23,Medium
641820,5,4,2,2,1,19,High
899090,2,2,2,1,0,7,High
405777,9,2,1,1,0,20,High
644674,4,4,1,1,1,10,High
571638,7,4,0,1,1,20,High
637296,9,1,2,1,1,2,High
900729,0,4,2,2,2,22,High
569639,4,3,0,1,1,13,High
632956,2,4,0,0,0,8,High
658873,3,3,1,2,0,24,High
952809,1,4,1,2,0,0,High
357497,8,1,0,0,1,0,High
227869,2,3,0,0,1,11,Medium
85953,1,0,2,2,2,10,Medium
863890,9,3,0,1,2,20,High
520328,8,1,0,2,0,0,High
826790,6,3,2,2,2,19,High
23267,5,4,0,0,2,11,High
102745,0,4,1,2,0,16,Medium
896020,4,1,1,1,1,14,High
844945,2,2,2,0,2,1,High
177164,0,4,0,2,1,17,Medium
555626,3,0,1,2,0,15,High
151484,1,1,1,1,0,3,Low
551831,1,3,1,2,2,7,High
912323,2,3,1,2,0,1,High
971000,7,0,0,2,0,13,High
80692,7,4,0,2,0,24,High
240156,6,1,0,1,2,14,High
243992,5,0,0,2,2,8,High
536771,8,4,1,2,2,1,High
850857,3,1,2,2,0,16,High
583044,0,3,2,0,1,9,High
563176,7,1,1,1,0,8,High
711095,6,2,1,0,2,1,High
853727,6,1,2,0,1,23,High
134352,2,2,2,1,1,18,Medium
889474,3,1,1,0,2,16,High
105999,9,2,1,0,1,10,Medium
37955,8,3,0,0,1,16,Medium
844273,5,4,0,1,2,9,High
90640,4,2,2,2,1,17,High
216582,2,2,1,1,1,22,High
972415,8,3,2,1,2,5,High
996535,4,2,0,1,1,15,High
764086,4,0,0,0,1,17,Medium
420573,3,3,2,2,1,19,High
445695,3,0,0,1,1,17,Medium
81476,0,3,1,1,2,0,High
326955,6,2,2,2,0,2,High
187280,8,0,1,2,0,14,Medium
695510,2,2,1,2,1,19,High
615468,1,3,0,0,2,9,High
718646,2,2,1,2,2,20,High
657144,0,0,2,0,1,4,Medium
874882,5,0,1,1,0,14,High
434568,6,2,1,0,1,22,High
206141,1,1,1,2,2,13,High
918320,7,3,1,0,2,14,High
654736,5,3,1,2,0,9,High
558685,3,2,0,0,2,23,High
979059,4,1,2,1,2,8,High
198031,7,0,0,0,2,11,Medium
938232,2,4,2,1,0,6,High
988021,2,4,2,2,2,4,High
139180,3,2,2,1,1,24,Medium
86234,0,1,2,2,0,23,Medium
584242,8,1,2,2,1,9,High
198352,7,3,1,1,1,24,High
99459,7,0,0,1,0,7,Medium
429995,9,1,0,0,1,21,Medium
215004,5,4,1,0,0,19,High
486152,6,0,2,1,1,24,High
961970,5,0,0,1,0,15,High
974443,8,2,1,1,2,11,High
745256,2,1,1,1,2,8,High
972774,2,2,0,2,1,9,High
79163,2,1,0,1,2,15,Medium
495853,9,3,2,1,0,9,High
71934,2,2,2,1,1,8,Medium
740255,8,2,0,1,2,2,High
445523,3,4,2,2,2,18,High
860530,6,2,1,0,1,10,High
474137,8,1,2,0,2,5,High
25486,6,4,2,0,2,5,High
159407,8,2,1,0,1,14,Medium
893332,2,2,2,0,2,14,High
670308,3,3,1,2,2,12,High
647083,7,2,2,0,2,21,High
240184,5,0,0,2,2,4,High
686490,4,4,2,2,1,13,High
369652,3,0,0,0,0,20,Medium
781315,7,4,0,0,0,1,High
662612,0,3,0,0,2,22,High
342710,8,2,0,1,2,11,High
217775,0,2,0,2,0,19,Medium
309336,7,2,1,0,2,13,High
807494,3,4,1,1,0,18,High
628364,8,2,1,2,1,23,High
109780,4,0,0,1,1,19,Medium
172617,2,2,2,1,1,14,Medium
565977,8,3,1,0,1,19,High
817606,8,0,2,2,1,23,High
370605,3,2,2,1,1,16,High
932606,3,2,0,2,0,24,High
909465,7,1,0,0,2,13,High
553636,1,4,0,2,0,22,High
961218,8,0,1,1,1,17,High
58102,5,1,0,1,2,21,High
94460,8,3,1,2,2,23,High
384778,7,4,1,1,1,4,High
109930,6,0,1,1,1,21,Medium
551089,0,2,1,1,1,11,Medium
647438,2,0,0,0,1,9,Medium
747627,1,2,1,0,1,7,Medium
199208,4,4,0,1,1,5,Medium
174697,4,2,0,2,2,24,High
233945,4,3,1,0,1,14,High
251915,3,2,0,2,1,11,High
747952,4,3,2,1,2,24,High
228124,2,4,0,1,0,24,High
457477,0,4,0,2,1,5,High
545830,4,0,1,0,2,11,High
303821,8,3,1,2,2,14,High
197804,8,3,0,2,0,11,High
725703,3,1,1,1,1,8,High
59081,2,1,2,0,1,18,Medium
738216,0,1,2,2,1,20,High
375249,1,2,1,0,2,1,Medium
239930,7,1,0,1,1,12,High
825497,0,3,2,0,1,12,High
537313,7,2,2,1,1,7,High
234532,6,4,0,0,1,12,High
632380,7,0,1,2,0,3,High
539332,5,1,2,1,0,5,High
336837,8,4,0,2,0,5,High
309106,2,3,0,1,1,20,High
48295,9,0,2,0,1,11,Medium
33807,3,4,1,0,2,11,Medium
455564,5,0,2,1,2,16,High
177504,7,1,0,1,2,6,High
258067,4,3,2,1,1,14,High
505008,2,0,1,0,0,23,Medium
995358,5,4,0,1,0,16,High
977766,3,1,1,1,0,9,High
712440,8,1,2,2,1,22,High
414540,2,4,2,1,0,19,High
897699,3,4,1,2,2,5,High
537923,6,0,2,2,2,8,High
186981,6,2,1,2,0,14,High
764699,3,1,2,0,2,15,High
39870,5,0,1,2,0,20,Medium
972082,2,4,1,1,0,7,High
223196,5,0,0,0,2,15,Medium
268683,1,4,0,0,2,4,Medium
254677,7,3,1,0,2,17,High
46790,1,4,2,0,2,19,Medium
663162,6,4,2,0,0,13,High
831721,8,4,2,0,2,1,High
468345,0,2,1,0,2,22,Medium
769074,7,4,1,2,1,22,High
507462,6,1,1,1,2,2,High
559773,5,1,1,1,2,13,High
850914,5,0,0,2,0,6,High
106188,5,2,1,2,0,14,High
549036,8,0,2,0,1,16,High
762129,1,1,0,0,2,0,High
684795,0,1,2,2,2,8,High
810141,5,3,1,0,2,21,High
668249,9,4,0,1,2,13,High
50355,7,1,1,1,2,15,High
731131,2,0,0,0,2,20,Medium
471015,9,0,2,0,1,12,High
426332,0,4,1,0,2,5,Medium
176542,8,4,1,1,2,21,High
193416,0,3,0,0,2,0,Medium
325062,2,2,0,2,1,20,High
858656,7,0,1,0,2,24,High
583586,2,4,0,2,1,3,High
521708,3,0,1,0,0,2,Medium
886651,7,4,0,0,2,16,High
81629,0,1,2,1,1,1,Medium
348184,5,0,0,2,0,18,High
512734,0,1,2,2,1,19,High
775195,0,0,0,2,1,22,Medium
310160,7,2,0,1,0,21,High
568248,3,3,1,2,2,7,High
840023,0,1,0,1,2,24,High
233920,9,4,0,0,1,14,High
909765,6,2,2,0,0,5,High
262804,4,0,0,2,2,22,High
396965,4,1,1,0,1,19,Medium
480857,0,0,2,0,0,1,Medium
842827,9,0,1,2,1,24,High
524492,5,0,1,0,0,24,Medium
673983,8,3,1,2,2,14,High
435916,8,3,1,2,2,19,High
841052,7,4,2,0,1,11,High
778574,4,1,0,0,2,2,High
148148,0,2,1,0,2,9,Medium
826991,8,2,2,0,0,13,High
506261,0,2,1,0,2,21,Medium
375540,7,0,0,1,0,13,Medium
212714,4,3,2,0,0,2,High
751899,2,1,2,1,1,0,High
303876,6,0,0,2,0,19,High
279747,6,3,2,0,2,0,High
635650,8,3,0,0,0,1,High
443570,6,1,2,0,0,18,High
295987,2,1,2,2,1,23,High
658353,0,1,0,1,2,9,High
878158,7,0,0,1,2,3,High
37640,2,4,2,0,2,3,High
72528,7,1,2,0,0,12,Medium
844845,7,4,0,0,2,8,High
279214,4,0,0,0,2,6,Medium
859070,0,4,2,2,0,15,High
990240,9,2,2,0,1,17,High
521108,6,4,2,2,1,2,High
654421,9,1,0,0,0,19,High
388501,4,0,2,1,1,19,High
744226,7,1,1,1,1,9,High
170159,8,2,0,0,1,23,Medium
192502,6,1,2,0,2,21,High
175576,6,1,0,2,1,15,High
944618,0,1,1,0,2,2,Medium
885291,3,3,0,0,1,10,High
906089,1,2,2,0,2,24,High
948479,1,1,1,1,0,9,Medium
31023,1,1,1,2,0,15,Medium
565735,3,1,2,1,1,7,High
408043,0,0,2,2,2,8,High
306103,3,3,2,1,0,14,High
86203,1,0,0,0,0,20,Low
925588,4,3,0,1,0,2,High
180775,2,1,0,1,0,3,Medium
29337,7,2,2,2,1,12,High
590715,3,4,2,2,2,11,High
534723,0,4,0,1,0,20,Medium
343673,0,1,1,2,1,8,Medium
384167,9,0,0,2,0,24,High
366809,2,2,1,2,0,13,High
650075,8,3,2,2,0,18,High
707281,6,1,2,2,0,6,High
315451,1,2,0,1,1,15,Medium
440571,8,2,0,2,2,21,High
147016,9,3,2,0,1,19,High
811267,1,2,0,1,1,4,Medium
564447,2,0,2,1,1,9,High
517562,9,0,2,1,0,17,High
722965,1,0,1,2,2,10,High
403934,2,2,0,0,0,6,Medium
912048,5,0,2,2,1,13,High
975592,8,3,0,1,0,19,High
885184,8,2,1,1,2,17,High
337428,6,4,1,1,2,10,High
339187,2,2,0,1,0,21,Medium
710907,3,3,0,2,1,11,High
903439,5,4,2,0,0,17,High
102844,4,2,1,0,1,1,Medium
571820,1,0,1,1,2,22,Medium
185421,5,1,1,0,0,0,Medium
142402,2,1,0,1,2,22,Medium
138012,7,0,2,1,1,9,Medium
458661,1,1,0,0,1,20,Medium
418929,0,1,0,1,0,0,Medium
600466,8,0,0,0,0,5,Medium
593695,2,0,2,1,0,6,High
483556,0,2,0,0,2,16,Medium
595278,6,2,1,1,1,8,High
149473,9,0,1,0,1,6,Medium
498007,4,3,1,1,2,16,High
864573,4,1,2,1,0,2,High
437009,0,2,0,1,0,15,Medium
338714,8,1,2,0,2,4,High
246156,6,4,0,2,1,19,High
188964,7,0,1,1,1,17,Medium
545303,8,3,0,1,1,0,High
81813,5,4,0,0,1,3,Medium
47712,4,4,0,1,2,22,High
644785,5,4,2,1,1,10,High
945919,1,0,0,1,2,19,Medium
787214,3,2,0,1,0,8,High
132816,2,0,0,2,2,7,Medium
148778,6,2,2,2,1,7,High
606580,8,4,2,1,0,4,High
305977,4,4,2,1,2,11,High
155230,5,3,0,1,2,0,High
738040,9,2,1,2,2,14,High
826741,1,4,1,2,0,24,High
289114,2,1,1,0,2,17,High
354618,2,3,0,0,1,5,Medium
852972,8,0,1,1,0,9,High
171456,6,3,1,1,0,13,High
824449,7,1,1,2,2,20,High
882312,9,2,0,1,1,7,High
125570,8,0,1,1,0,2,Medium
290846,5,0,1,2,2,21,High
937888,3,2,0,2,1,21,High
20404,0,3,2,2,2,18,High
978447,7,4,1,2,2,11,High
723286,6,3,2,0,0,11,High
966693,1,1,1,2,0,14,High
294907,7,4,0,2,2,6,High
693744,4,3,2,1,0,3,High
735460,6,2,2,1,0,20,High
904574,3,1,2,1,1,8,High
685220,4,1,2,0,1,21,High
255365,7,1,1,2,2,15,High
362786,0,4,1,2,2,12,High
70612,0,0,2,0,2,3,Medium
830006,3,4,1,2,2,23,High
829956,2,3,2,1,1,8,High
220244,9,0,2,0,0,20,Medium
817348,1,3,0,2,1,17,High
24809,2,0,2,0,2,14,Medium
183273,0,4,1,0,2,14,Medium
728690,0,1,2,2,1,5,High
164528,5,2,0,1,1,10,Medium
526964,4,1,1,2,2,7,High
469613,7,4,0,2,0,20,High
927720,1,0,0,1,2,16,Medium
58765,3,1,2,2,1,23,High
972320,7,4,0,2,2,24,High
851538,5,3,0,2,2,16,High
336076,0,2,1,0,0,23,Medium
954604,3,1,0,0,2,17,High
863523,0,0,2,0,2,3,Medium
566237,1,3,2,2,2,14,High
221152,4,4,2,1,1,1,High
319888,7,2,0,0,1,1,High
720903,7,0,1,1,0,9,High
914751,2,4,2,2,2,2,High
112193,3,4,0,0,1,7,Medium
56187,9,1,2,2,0,19,High
525950,5,1,2,1,2,6,High
158311,9,0,1,0,0,11,Medium
930886,2,4,2,0,0,18,High
820921,1,1,1,0,0,14,Medium
528153,5,2,0,0,0,13,High
209089,4,2,2,1,0,15,High
606165,9,4,0,0,0,13,High
456341,4,1,0,2,0,2,High
332066,9,0,0,0,2,17,Medium
638362,4,0,2,1,2,21,High
707409,9,0,1,0,0,5,Medium
581419,4,2,2,1,2,16,High
980448,2,1,0,1,0,22,High
660053,6,1,1,2,2,13,High
880395,5,2,0,0,1,13,High
651172,3,0,1,0,0,19,Medium
145917,1,0,2,0,1,12,Low
830717,8,4,1,2,0,2,High
319770,0,3,2,2,0,12,High
718168,3,1,0,1,1,23,High
501680,0,1,1,1,1,1,High
991375,5,1,0,1,1,8,High
301342,3,3,1,2,0,12,High
957262,4,4,2,2,1,7,High
559542,4,3,1,2,1,15,High
64238,8,0,1,1,2,23,Medium
21252,0,0,2,2,2,2,Medium
846196,1,1,2,1,1,12,High
884141,5,2,2,1,1,3,High
974945,4,1,1,0,1,17,High
505450,6,2,0,0,1,1,High
335826,2,3,1,0,2,19,High
341638,2,0,1,1,0,21,Medium
625605,9,2,0,0,1,20,High
347359,1,3,2,0,1,14,Medium
622875,2,0,1,0,2,16,High
26949,9,2,0,2,1,9,High
783185,0,1,2,1,1,0,High
337537,4,1,2,0,2,5,High
748913,4,1,1,2,1,2,High
682301,6,3,2,2,1,18,High
570222,3,1,2,2,2,6,High
960890,2,4,0,0,0,12,High
800722,0,0,0,2,1,12,Medium
475102,7,3,2,1,1,16,High
357889,2,1,0,2,0,0,High
496467,1,0,2,2,2,13,High
376600,3,2,1,2,0,2,High
335557,2,1,0,2,1,13,High
994304,0,0,2,1,0,23,Medium
903671,2,4,2,0,2,0,High
324462,1,2,0,1,1,15,Medium
270875,7,4,0,1,2,9,High
483389,5,0,1,0,2,12,High
90390,8,4,2,2,0,3,High
727689,7,0,1,0,0,8,Medium
273490,9,0,1,0,2,13,High
587376,2,4,1,1,2,3,High
267940,4,0,0,0,1,9,Medium
385340,6,1,1,2,2,7,High
453027,4,0,0,1,2,22,Medium
528041,7,3,0,2,0,2,High
337623,4,0,1,1,2,22,High
236464,0,3,1,2,2,6,High
762729,4,0,2,0,0,9,Medium
530736,3,0,1,0,1,2,Medium
826395,5,4,2,0,0,1,High
337267,2,1,1,2,0,14,High
670199,4,1,1,1,2,8,High
908900,1,2,1,1,2,14,High
243777,5,4,1,1,1,16,High
879909,5,4,2,0,2,6,High
820820,4,1,2,2,1,19,High
25569,5,4,1,1,1,17,High
614124,6,1,1,2,1,14,High
648861,4,4,2,1,1,17,High
449802,0,0,0,0,2,23,Medium
278090,7,1,0,2,0,22,High
687375,3,1,0,1,0,11,High
65002,8,3,2,1,2,22,High
791954,9,4,2,1,2,20,High
681614,5,4,0,1,1,7,High
954648,0,1,0,0,2,1,High
699574,2,0,1,1,0,1,High
518870,2,0,2,1,2,4,High
231791,9,0,2,0,2,0,High
222846,3,4,0,1,1,21,High
681450,5,3,0,2,1,3,High
686997,6,1,2,2,1,5,High
697775,9,2,1,1,1,22,High
44071,3,3,0,0,0,12,Medium
602531,5,2,2,0,2,18,High
932259,0,3,2,0,2,10,High
914647,7,0,1,1,1,12,High
192312,6,4,1,1,0,7,High
277218,8,2,0,2,0,6,High
234879,2,3,0,0,2,12,High
383714,1,4,0,1,1,0,High
446650,0,2,2,1,2,5,High
351868,2,1,0,1,2,6,High
921791,4,3,2,0,0,15,High
882129,1,1,0,0,0,14,Medium
573020,2,0,1,2,2,19,High
665753,3,1,1,0,1,1,High
948818,6,1,2,1,1,24,High
437170,2,3,1,2,2,22,High
77108,8,0,2,0,2,15,Medium
500721,7,1,2,0,1,16,High
131195,3,4,1,0,1,23,Medium
909513,0,2,2,0,1,14,Medium
56668,0,1,1,1,2,2,Medium
305205,0,0,0,0,0,3,Low
361396,0,1,0,1,1,11,Medium
584037,7,2,1,1,1,4,High
150560,2,0,1,1,1,16,Medium
386824,5,3,1,2,2,5,High
167979,2,0,1,1,0,9,Medium
169849,4,3,0,0,0,21,Medium
768589,6,0,2,2,1,17,High
71745,1,2,2,0,2,9,Medium
390608,5,2,0,1,0,5,High
111865,5,0,2,0,2,23,Medium
918860,2,1,0,2,0,5,High
232890,5,2,2,2,1,19,High
43624,9,3,1,0,2,14,High
43321,9,3,1,0,1,3,Medium
423704,4,4,1,0,0,24,Medium
829006,1,3,0,2,0,15,High
942744,8,4,0,1,1,21,High
194293,7,0,2,0,0,23,Medium
947982,2,0,2,1,1,7,High
803415,7,0,2,2,1,6,High
206717,8,1,0,0,1,18,Medium
956766,2,1,2,0,0,16,High
400975,2,4,1,2,2,20,High
203868,1,3,2,0,1,12,Medium
679792,7,3,1,1,2,14,High
115257,9,0,0,2,0,1,Medium
608579,0,2,1,2,0,9,High
230176,7,1,1,0,2,12,High
210471,6,1,1,2,1,17,High
934032,6,0,0,0,0,22,Medium
492930,2,1,0,0,1,10,Medium
856860,0,0,0,2,1,12,Medium
763091,3,4,0,0,2,18,High
538862,8,3,2,1,0,23,High
937806,4,2,0,1,2,24,High
495774,0,3,1,0,0,23,Medium
937559,4,3,0,1,2,21,High
655605,7,4,2,0,0,4,High
159789,7,1,2,1,0,2,High
409593,4,2,2,2,0,18,High
835131,8,1,1,0,1,22,High
93686,0,3,0,0,1,12,Low
87661,3,0,0,0,2,4,Medium
588535,2,3,0,0,2,11,High
265121,1,1,1,0,0,13,Medium
692108,7,3,1,0,0,5,High
387257,6,0,2,2,1,21,High
286765,8,4,2,2,1,8,High
166106,1,1,0,1,1,16,Low
278930,3,3,1,0,2,7,High
942630,5,1,1,1,1,12,High
680482,2,4,0,1,2,4,High
824462,7,3,0,2,1,21,High
889270,2,3,2,1,1,21,High
891149,1,1,2,2,0,16,High
468874,2,1,2,1,2,2,High
582926,5,0,0,0,1,5,Medium
873499,1,4,0,1,0,13,Medium
138033,7,0,2,2,2,14,High
650265,0,3,2,2,2,13,High
633157,6,1,1,2,1,10,High
649474,1,3,1,1,2,10,High
841106,9,3,2,1,0,8,High
186926,5,2,2,2,0,5,High
590559,1,2,1,0,2,14,Medium
880120,1,3,2,0,0,11,High
451734,9,1,1,1,2,5,High
393220,7,3,1,1,0,0,High
685627,1,2,1,2,2,24,High
241897,6,1,0,1,2,15,High
21062,2,3,0,1,2,19,High
267736,7,4,2,2,0,14,High
594736,6,4,1,2,2,1,High
115462,7,3,0,1,2,16,High
419445,6,1,2,0,1,2,High
470009,5,3,2,1,1,2,High
790173,6,3,2,0,2,4,High
592203,4,2,2,0,1,16,High
286776,6,4,2,0,2,22,High
648880,0,2,1,2,1,16,High
678956,0,2,2,2,0,19,High
391923,8,3,1,2,0,5,High
419384,4,2,0,1,2,0,High
652387,4,4,2,2,2,6,High
551849,2,2,0,2,0,14,High
487010,4,4,1,1,0,6,High
626440,2,2,1,1,1,18,High
669324,8,4,0,0,2,19,High
406193,8,2,2,1,0,21,High
46734,5,2,2,1,0,10,High
943875,0,1,0,2,2,22,High
46069,6,4,0,0,1,13,Medium
755265,6,4,0,0,1,12,High
557198,9,4,2,1,1,19,High
355623,9,0,2,2,1,24,High
490951,3,2,2,2,0,8,High
101264,7,4,0,2,2,8,High
43275,5,0,2,2,2,15,High
616562,3,1,1,1,0,11,High
494665,3,4,0,2,0,9,High
382920,1,4,2,0,0,5,Medium
211076,1,0,0,0,2,17,Medium
214053,3,2,1,1,2,1,High
729913,4,1,1,2,2,19,High
592735,7,4,0,2,1,8,High
972033,5,2,0,2,0,18,High
932826,3,1,1,2,0,5,High
619991,6,3,0,1,0,1,High
882522,7,3,1,2,2,14,High
823692,1,1,1,1,0,16,Medium
132581,6,0,2,2,0,15,High
285956,1,1,0,2,1,20,Medium
441240,1,1,0,0,2,7,Medium
734016,7,0,2,1,0,9,High
922580,1,0,1,0,2,9,Medium
964789,8,2,0,1,2,17,High
136421,0,2,2,2,2,9,High
545893,8,0,2,2,1,8,High
484374,0,3,0,1,2,23,High
92303,9,3,2,0,2,18,High
178211,9,1,1,1,2,0,High
207210,1,4,2,1,0,3,High
806237,5,1,1,2,1,23,High
882557,5,1,1,0,0,2,High
164990,0,4,0,1,1,9,Medium
178518,6,0,2,0,1,11,Medium
144040,7,3,1,0,2,17,High
688406,1,1,1,1,2,22,High
543138,7,4,2,0,0,19,High
438034,8,2,1,2,1,5,High
776254,5,1,2,2,2,20,High
810756,4,3,0,2,2,1,High
882755,8,0,1,2,2,9,High
815543,8,1,1,0,2,1,High
975614,0,1,2,2,0,8,High
560677,2,4,2,1,0,9,High
666465,8,2,2,2,2,1,High
323571,1,2,2,1,2,7,High
704106,3,0,1,1,2,23,High
142883,3,3,0,2,2,16,High
763246,1,0,0,2,2,16,High
782501,2,1,0,0,1,3,Medium
937621,2,1,0,1,1,17,High
407952,0,2,2,2,1,11,High
132221,5,3,1,0,1,16,Medium
819666,7,4,1,2,2,8,High
280669,2,3,1,2,1,18,High
779224,4,1,2,2,1,13,High
859873,0,4,1,1,0,13,High
545134,9,3,2,2,1,16,High
555242,6,3,1,0,1,1,High
361383,9,4,0,2,2,7,High
264761,0,1,2,2,1,4,High
852946,8,3,1,0,1,6,High
894668,7,4,0,0,2,21,High
904011,6,1,0,1,1,15,High
157541,9,4,0,1,2,15,High
967609,6,4,2,1,1,16,High
848533,4,3,2,1,0,21,High
84323,4,1,1,0,0,6,Medium
636210,4,3,0,2,1,19,High
209139,0,0,1,2,0,7,Medium
200448,7,0,1,2,2,7,High
720947,0,1,0,1,1,22,Medium
974480,3,4,1,0,2,10,High
255659,8,3,2,0,0,14,High
409678,8,3,1,0,2,17,High
874016,4,1,0,2,0,5,High
124537,3,1,2,1,0,21,Medium
884909,2,0,2,0,0,11,Medium
261983,2,2,1,1,2,14,High
586821,4,1,1,0,0,22,Medium
808260,9,2,2,1,1,5,High
21917,0,1,1,0,0,17,Low
302762,4,4,0,1,1,23,High
576542,5,4,1,0,1,19,High
806275,6,0,1,0,1,8,High
387436,8,0,2,1,1,7,High
529930,2,2,1,1,2,13,High
591650,1,1,1,2,1,18,High
302272,2,3,1,1,0,18,High
405925,8,0,0,0,1,7,Medium
786641,6,3,1,0,0,1,High
734743,8,3,0,1,2,24,High
609833,1,1,0,2,1,3,High
102180,4,2,0,1,0,5,Medium
632246,3,1,0,0,2,2,High
423081,1,0,2,0,2,2,Medium
939723,8,3,0,2,0,18,High
321953,8,1,1,1,1,10,High
398892,5,1,0,0,2,9,High
25287,5,1,1,0,0,11,Medium
277665,7,0,0,0,1,13,Medium
971891,5,2,2,1,2,17,High
28512,0,1,0,1,0,23,Low
676702,3,0,0,2,2,8,High
476292,6,3,2,0,2,14,High
128872,1,4,0,0,0,23,Low
956720,8,0,1,2,2,2,High
792042,7,4,0,0,0,22,High
113070,7,1,0,2,1,10,High
624055,6,1,0,2,0,9,High
642117,3,0,2,0,1,17,High
964118,1,4,0,1,2,3,High
449474,2,1,0,1,0,12,Medium
62078,5,3,1,1,0,5,High
388432,4,2,0,1,0,20,Medium
627812,7,2,0,0,0,12,High
247645,5,1,0,2,1,24,High
556507,5,4,0,2,1,19,High
806667,0,1,1,0,2,4,Medium
325073,3,4,1,1,2,19,High
147309,4,3,2,2,2,13,High
349588,2,4,0,0,2,12,High
683927,8,1,2,0,0,13,High
908266,0,3,2,1,1,7,High
484008,5,0,0,0,1,15,Medium
740801,5,2,1,2,1,12,High
366699,9,1,1,2,1,23,High
355842,4,1,0,0,2,14,Medium
406594,4,1,0,2,0,18,High
792608,9,3,1,0,1,0,High
680775,4,0,0,2,0,21,High
711519,5,4,0,1,0,1,High
63925,7,0,0,2,0,17,Medium
157023,1,3,1,1,0,18,Medium
107388,5,1,2,1,1,7,High
552295,0,2,2,0,1,2,Medium
277802,3,1,0,1,1,22,Medium
455048,9,4,1,2,2,13,High
78596,2,2,0,2,1,8,Medium
927533,8,1,1,1,2,7,High
968027,2,2,0,0,2,16,High
371005,5,0,1,1,2,22,High
799554,0,3,1,2,1,22,High
893172,5,1,2,2,1,23,High
559812,3,4,0,1,1,15,High
542244,7,0,2,1,2,9,High
432498,8,1,2,1,2,20,High
699290,3,0,1,2,0,9,High
937581,9,4,0,2,2,24,High
519097,9,1,1,2,2,24,High
669789,5,4,1,0,1,23,High
827043,0,2,1,2,0,5,High
168056,3,4,0,2,0,21,Medium
34060,6,2,0,0,0,16,Medium
758345,0,1,1,0,1,15,Medium
497272,7,2,0,0,0,14,Medium
538545,9,1,1,0,0,21,High
849735,5,1,0,0,1,13,High
210279,4,3,0,0,0,3,Medium
750406,9,1,2,1,2,3,High
704647,8,2,1,1,2,1,High
59711,1,3,2,1,2,10,High
163026,4,3,2,1,2,3,High
355484,5,1,1,2,2,20,High
485317,6,4,1,0,2,20,High
238134,4,4,0,2,2,15,High
122974,8,3,1,0,2,20,High
169646,0,1,2,0,2,3,Medium
422400,6,4,2,2,1,0,High
170168,9,1,1,1,1,23,Medium
612016,6,1,2,2,2,18,High
709376,3,3,0,2,1,1,High
555534,8,3,2,0,1,8,High
458774,4,0,0,0,2,22,Medium
531937,3,4,2,0,2,24,High
431597,6,4,0,1,1,12,High
934228,3,4,0,2,2,17,High
973959,2,2,1,2,2,15,High
112263,8,1,0,1,2,15,High
941522,7,3,1,2,2,24,High
555590,0,4,2,2,1,9,High
873938,6,0,2,0,0,8,High
585445,8,4,2,1,1,10,High
599205,7,1,0,0,0,24,High
243810,7,1,2,1,0,3,High
116646,5,3,2,0,0,9,High
365266,3,2,1,2,1,2,High
830951,7,3,1,1,1,5,High
510025,2,4,2,1,1,2,High
500703,8,0,2,0,1,8,High
994323,1,3,0,1,1,2,High
363054,1,2,0,2,0,17,Medium
926862,6,3,2,2,1,7,High
877756,9,1,1,2,0,21,High
287552,3,4,2,0,1,7,High
79379,9,4,0,1,1,14,High
45053,7,4,1,0,2,12,High
422662,8,4,1,2,0,6,High
676282,6,4,0,1,1,18,High
118723,4,4,2,2,1,7,High
595644,7,0,2,1,1,9,High
292933,3,2,2,1,2,16,High
904152,1,4,0,0,0,0,Medium
873088,5,2,1,1,1,12,High
850460,8,4,0,2,1,12,High
870916,0,3,2,1,1,23,High
52154,9,4,0,2,2,15,High
233942,6,1,1,0,1,8,High
284480,9,0,0,2,0,9,High
385821,8,3,2,1,0,5,High
874211,9,3,1,2,0,4,High
301173,8,1,0,2,0,1,High
865633,9,4,0,1,1,10,High
52265,2,0,1,2,2,8,Medium
385060,4,3,1,1,2,5,High
263322,7,0,2,0,2,7,High
194944,7,3,1,2,1,8,High
590485,3,4,2,0,2,8,High
932165,0,3,0,2,0,7,High
468396,0,3,2,2,1,11,High
174782,3,2,0,0,2,7,Medium
704846,5,4,1,2,0,2,High
91907,7,1,0,2,0,12,Medium
935308,5,1,1,0,1,18,High
222967,8,4,0,2,1,1,High
870867,8,1,0,1,2,16,High
322775,1,4,0,2,2,15,High
411182,9,1,0,2,2,3,High
776892,0,2,2,2,1,17,High
302247,1,1,0,0,2,13,Medium
84772,4,3,2,1,2,1,High
146108,3,4,1,1,0,12,Medium
34382,3,0,1,2,0,20,Medium
104291,8,0,2,0,0,19,Medium
383339,7,4,1,0,2,16,High
679116,5,2,1,1,1,14,High
302753,0,1,0,0,0,24,Low
167550,1,2,0,2,1,19,Medium
252050,5,0,0,2,2,4,High
452882,1,4,2,0,2,6,High
357827,9,4,2,2,0,17,High
512313,4,2,1,1,1,23,High
406858,4,2,0,2,0,10,High
674618,5,1,2,0,2,17,High
615603,5,3,2,1,1,4,High
884266,5,3,0,2,0,12,High
408349,1,1,2,1,2,17,High
34153,9,3,0,0,0,1,Medium
620613,2,0,1,2,1,19,High
260773,5,3,1,2,1,3,High
950503,7,1,1,1,1,12,High
75318,0,3,0,2,1,23,Medium
414030,0,4,2,2,1,15,High
397177,1,2,1,2,0,5,Medium
96077,5,0,1,2,0,7,Medium
896906,8,4,1,0,0,15,High
153515,3,4,2,2,0,12,High
226988,2,1,2,1,2,22,High
879751,7,2,0,0,2,3,High
145885,9,2,1,1,0,1,High
916209,8,0,2,1,2,8,High
561656,4,1,0,1,2,17,High
690688,8,0,1,0,1,16,High
208014,1,3,2,0,0,7,Medium
111751,2,4,2,0,2,14,High
250203,6,0,0,2,2,8,High
833738,6,4,1,1,0,16,High
715275,5,1,1,0,1,22,High
843651,5,3,2,1,0,1,High
231951,1,1,1,0,1,5,Medium
525155,9,3,0,0,2,4,High
215716,5,3,2,0,1,16,High
604567,3,4,2,1,1,1,High
335172,2,1,0,2,0,17,High
910695,1,1,2,0,2,9,High
20126,0,0,1,0,0,9,Low
858761,4,1,1,0,0,5,Medium
47632,1,0,2,2,2,11,Medium
520315,1,2,0,1,0,16,Medium
740670,6,2,0,1,0,12,High
129945,7,2,1,1,1,19,Medium
337320,9,1,0,1,0,15,High
270869,7,1,2,0,2,9,High
761426,3,0,2,2,0,20,High
518716,0,3,1,0,1,1,High
195399,6,0,1,2,0,1,High
482120,0,2,1,1,0,22,Medium
154869,3,0,0,2,0,6,Medium
198954,7,3,2,0,1,5,High
689078,1,1,2,0,2,0,High
54560,5,0,2,1,2,11,High
883021,5,2,1,0,1,12,High
304260,8,2,2,0,1,11,High
973748,4,1,0,2,0,18,High
152717,9,0,0,0,2,8,Medium
198595,3,3,2,1,1,9,High
668373,4,1,1,1,2,16,High
399862,9,0,2,0,0,17,Medium
825688,4,4,0,1,1,7,High
514592,7,2,0,2,2,6,High
120158,9,3,0,2,2,8,High
728533,7,3,2,0,0,9,High
188502,1,3,0,0,1,11,Low
452498,6,2,1,2,2,14,High
926151,7,0,2,1,0,14,High
350388,5,1,2,0,2,3,High
687054,4,0,0,0,0,3,Medium
338408,8,1,0,1,2,22,High
488276,2,3,1,0,2,0,High
77545,9,0,2,1,0,11,Medium
531411,3,3,0,1,1,24,High
845656,8,4,1,1,0,1,High
904377,5,3,0,1,1,14,High
33224,7,3,2,1,2,16,High
60738,6,1,0,2,2,6,High
962654,1,4,2,1,0,5,High
870163,2,3,0,2,0,11,High
200760,0,3,2,1,1,18,High
783978,8,4,1,0,1,0,High
486725,6,4,2,2,1,20,High
683937,0,0,1,0,0,13,Medium
552358,2,1,2,1,2,3,High
146161,3,4,1,1,0,4,Medium
552954,3,4,0,0,2,0,High
864193,4,2,2,1,0,0,High
318512,2,4,0,0,0,20,Medium
682143,2,1,1,1,1,5,High
586202,0,3,2,1,2,4,High
221579,6,3,2,2,0,1,High
672026,9,3,0,0,0,24,High
791253,0,3,2,1,2,20,High
524471,1,2,2,0,0,4,Medium
349670,3,4,0,2,2,8,High
983269,3,3,2,0,1,18,High
826388,4,0,0,2,1,20,High
238967,1,3,0,0,2,14,Medium
852672,3,4,0,0,1,12,High
403152,0,3,0,2,2,11,High
974652,1,2,0,1,0,4,Medium
114270,0,1,1,1,0,1,Medium
811189,9,1,1,1,2,3,High
563385,9,4,0,0,0,17,High
685755,3,1,1,0,1,20,High
167313,3,1,1,1,0,9,Medium
910324,6,0,2,0,0,12,High
178768,9,4,0,0,2,11,High
266726,8,4,1,1,1,1,High
876912,8,1,2,2,0,14,High
590451,4,1,2,0,0,13,High
39816,9,1,0,0,2,24,Medium
987344,0,2,0,0,2,9,Medium
777907,0,3,2,0,1,21,High
334997,5,2,0,2,0,7,High
175989,1,4,0,1,2,24,Medium
641019,7,0,2,0,2,14,High
696926,8,3,2,1,2,12,High
226524,3,0,0,0,1,7,Medium
607111,4,4,1,2,2,20,High
171878,7,4,0,1,1,20,High
750880,2,0,1,2,1,21,High
546047,4,0,2,0,0,13,Medium
801452,2,0,1,2,0,0,High
455165,9,4,2,2,1,12,High
898806,2,1,0,0,0,7,Medium
153554,2,0,0,0,0,17,Low
830874,6,3,2,1,2,21,High
971223,6,4,2,0,0,8,High
471282,6,2,2,1,1,12,High
113501,9,2,0,2,0,2,Medium
284223,7,3,0,2,2,17,High
940221,4,1,1,1,1,9,High
79676,4,0,2,0,0,4,Medium
965456,3,4,1,0,1,24,High
761804,6,0,0,2,0,5,High
193532,9,4,1,1,2,7,High
634685,3,2,1,2,0,23,High
617135,1,0,0,2,1,6,Medium
637895,3,3,0,0,1,20,High
240178,7,1,2,1,1,17,High
169521,8,3,1,2,0,13,High
446752,2,1,0,0,0,14,Medium
608365,6,0,0,2,0,9,High
844690,8,0,1,2,2,20,High
723662,3,1,0,0,2,11,High
277009,9,2,2,0,2,6,High
966369,2,4,2,1,1,6,High
157717,4,3,1,2,1,10,High
401915,0,3,2,1,1,12,High
582288,2,3,0,0,1,14,High
571025,7,0,0,0,1,17,Medium
817917,7,3,0,2,0,6,High
320709,3,4,0,1,1,5,High
963026,1,4,1,1,0,22,High
926046,7,1,2,2,2,10,High
871587,7,0,2,2,2,7,High
206240,9,4,0,1,2,19,High
596775,3,2,1,0,2,0,High
936380,2,0,0,0,2,7,Medium
294486,1,0,0,2,1,7,Medium
322950,8,4,1,1,1,18,High
330914,0,2,1,1,1,2,Medium
98623,6,1,0,1,2,4,High
385321,4,4,2,0,2,2,High
937458,7,2,0,0,0,14,High
882061,3,0,2,1,1,13,High
927425,6,2,2,1,2,20,High
203675,4,0,1,2,2,14,High
933376,4,4,1,2,2,23,High
757334,8,4,0,1,0,16,High
650235,8,3,2,1,2,17,High
832831,8,3,2,0,0,1,High
672465,5,3,0,1,0,11,High
236454,5,4,0,2,1,15,High
129575,4,1,0,0,2,3,Medium
917336,8,4,1,2,0,24,High
227606,9,2,0,2,2,1,High
992610,7,4,0,0,1,13,High
525815,6,4,2,2,1,10,High
312822,6,0,0,1,0,12,Medium
96218,5,0,2,2,1,24,High
607518,4,0,2,0,1,6,High
790044,3,4,1,0,1,9,High
356199,2,1,0,0,2,23,Medium
469589,2,2,0,2,2,0,High
706840,5,2,2,1,0,20,High
498446,3,1,1,0,0,24,Medium
482052,5,1,1,1,1,3,High
354402,2,2,0,0,1,17,Medium
59986,3,3,2,1,0,5,High
699520,8,0,0,1,1,1,High
367739,4,0,0,1,0,2,Medium
645646,6,2,0,0,2,13,High
492327,9,1,0,2,1,7,High
347073,1,3,2,2,1,15,High
617794,4,2,1,2,1,18,High
54911,8,0,0,1,2,17,Medium
893559,2,4,0,0,2,5,High
445037,8,1,0,1,1,13,High
750399,5,4,0,0,0,2,High
998039,3,2,1,1,2,15,High
919885,6,0,1,0,1,0,High
628746,7,3,1,0,1,11,High
32175,5,4,1,0,2,13,High
925667,4,3,0,1,0,18,High
336915,5,0,2,2,1,21,High
519876,4,4,1,1,0,18,High
933589,7,3,1,1,0,8,High
665588,0,3,0,0,2,6,High
631213,6,4,0,0,1,13,High
788734,9,0,0,2,1,4,High
86358,9,3,0,2,0,17,High
430543,1,2,2,0,2,8,Medium
67057,8,4,2,2,2,20,High
288294,0,1,1,2,2,6,High
810857,9,1,2,0,0,8,High
274726,5,0,1,1,0,3,Medium
298176,8,2,1,2,1,24,High
546486,0,3,2,0,2,16,High
998004,3,1,1,2,0,11,High
728754,3,0,0,2,2,5,High
957583,8,2,1,0,0,17,High
187292,4,2,0,2,1,7,Medium
979378,4,0,2,2,2,20,High
164931,5,0,2,2,0,14,High
463676,0,3,1,1,2,2,High
182491,0,0,0,1,0,1,Low
401009,8,3,1,2,0,23,High
421921,2,3,2,0,0,22,High
980384,3,4,1,2,2,8,High
280910,0,2,1,2,0,7,Medium
43236,8,2,0,1,1,3,Medium
107955,7,2,2,1,2,1,High
760874,1,4,1,1,1,13,High
647433,7,3,0,2,1,1,High
690718,6,3,1,2,2,1,High
250785,5,0,0,0,0,21,Medium
114914,0,4,0,2,1,6,Medium
909302,6,0,1,2,2,11,High
227990,9,4,2,1,0,5,High
398387,6,0,2,1,2,17,High
558884,8,1,0,1,2,3,High
971076,0,2,2,1,2,18,High
676639,1,2,0,1,0,12,Medium
214269,8,3,2,0,1,19,High
917928,8,1,1,0,1,20,High
412417,5,2,2,0,2,22,High
158155,5,3,0,1,2,24,High
140674,3,1,0,1,0,1,Medium
926739,3,2,2,1,2,7,High
801817,4,0,1,0,2,18,High
784757,2,4,0,1,2,8,High
955275,0,1,0,0,1,3,Medium
967479,0,3,0,1,2,15,High
983152,6,1,0,2,1,18,High
276713,0,3,0,0,0,9,Medium
461501,0,1,1,2,0,5,Medium
563351,2,3,2,0,1,15,High
87642,9,2,1,1,1,9,Medium
110093,3,0,1,1,1,12,Medium
527606,3,2,0,2,1,8,High
237215,1,0,1,1,2,6,Medium
975103,0,2,0,0,1,3,Medium
727280,2,2,1,1,1,18,High
703889,3,1,0,1,1,3,High
55954,2,4,0,0,2,18,Medium
47856,7,3,1,2,2,18,High
546861,9,3,1,2,2,11,High
579655,0,3,2,1,0,12,High
515553,1,0,2,0,2,24,Medium
782092,6,3,2,2,1,3,High
906040,3,3,1,2,2,24,High
342918,7,1,1,1,2,9,High
43752,2,2,0,0,1,20,Medium
861461,5,3,2,2,2,6,High
168757,8,4,0,1,0,4,Medium
936714,0,3,0,1,2,16,High
333837,0,0,0,1,0,17,Low
136739,7,0,0,1,0,10,Medium
862393,2,0,2,2,0,14,High
258009,4,3,0,0,1,20,Medium
800316,0,1,1,1,2,21,High
227980,4,4,1,1,0,6,High
276609,5,3,1,2,0,17,High
408822,7,1,2,1,2,24,High
356676,2,1,0,1,1,5,Medium
364138,2,3,2,0,1,17,High
338277,9,3,0,1,0,15,High
538271,8,1,2,2,1,1,High
343412,3,1,2,0,2,18,High
505417,3,1,0,2,1,0,High
451459,6,3,2,0,2,24,High
208456,1,1,0,0,0,10,Low
575941,7,0,1,1,2,19,High
177729,5,3,1,1,0,4,High
977456,2,0,1,1,2,15,High
959684,8,2,2,2,2,22,High
248504,4,3,1,1,1,0,High
666117,7,2,0,1,2,18,High
672665,6,1,1,0,0,13,High
545910,7,1,1,1,2,2,High
593044,6,4,2,1,0,1,High
60809,2,1,0,1,0,23,Medium
561013,1,2,2,1,2,4,High
736756,6,1,2,0,1,16,High
71226,2,3,0,1,2,17,High
519512,2,1,2,0,2,0,High
625470,1,4,0,2,1,14,High
495781,3,1,1,1,0,21,Medium
49402,7,2,0,1,2,8,High
24263,0,2,0,1,1,22,Low
771883,0,1,0,0,1,4,Medium
197900,4,2,2,1,0,12,Medium
592212,4,2,0,1,1,18,High
356326,0,4,0,2,0,23,Medium
244137,5,3,0,0,2,9,High
472268,0,4,1,0,1,19,Medium
949168,4,0,0,2,2,24,High
317881,8,4,2,0,1,20,High
383476,4,1,0,1,1,13,Medium
371707,5,3,0,1,2,21,High
704733,7,1,1,2,1,20,High
530585,0,0,0,0,2,11,Medium
711757,1,3,2,0,2,10,High
410719,8,2,0,0,0,22,Medium
499361,2,4,2,2,2,6,High
121371,5,1,1,1,0,16,Medium
582997,4,0,0,2,2,17,High
212192,1,2,1,1,1,6,Medium
170322,6,4,0,2,2,23,High
41172,3,2,2,1,1,19,Medium
555843,0,4,1,0,0,5,Medium
597564,3,3,0,0,1,10,High
601780,5,2,2,0,2,11,High
728362,6,2,1,2,1,15,High
533319,6,2,0,2,0,18,High
800298,6,3,1,2,1,22,High
896031,2,0,0,0,1,18,Medium
242320,5,4,2,1,2,10,High
437978,7,2,2,0,2,15,High
31046,3,3,1,0,1,22,Medium
248071,7,0,1,1,0,11,Medium
398165,1,4,0,1,1,7,Medium
966273,9,3,2,1,0,2,High
728662,8,4,0,1,0,1,High
436366,8,2,2,0,0,5,High
286997,7,0,1,2,1,15,High
665188,9,3,0,0,0,19,High
502615,9,0,0,1,1,23,High
435008,0,2,2,2,0,14,High
603417,1,0,2,2,0,13,High
781379,5,0,2,0,1,1,High
225550,9,1,1,0,2,19,High
264883,4,0,0,0,2,17,Medium
658418,8,4,2,2,1,13,High
480514,4,3,1,2,1,17,High
969491,1,1,2,2,2,1,High
691210,9,3,0,1,2,0,High
949616,3,3,2,1,2,19,High
141789,8,2,0,0,1,1,Medium
699418,0,2,1,2,0,8,High
720780,0,1,1,0,1,8,Medium
583178,6,2,2,2,2,15,High
86017,2,2,0,0,0,10,Low
198376,9,2,0,1,1,22,Medium
708281,1,3,0,2,2,5,High
519137,8,1,2,1,1,11,High
676884,2,3,0,2,0,2,High
644712,1,4,0,0,2,11,High
821480,7,3,0,2,1,22,High
972615,9,4,0,1,0,0,High
713264,5,0,2,2,0,8,High
861344,5,0,2,0,1,19,High
578296,9,4,0,2,0,21,High
413276,6,4,0,1,2,5,High
750026,6,3,1,0,0,10,High
627847,5,4,1,1,1,2,High
75337,3,1,0,2,2,3,High
917048,8,0,0,1,0,9,High
295494,5,0,1,2,0,18,High
44354,3,4,1,0,2,5,Medium
65186,2,2,0,1,2,0,High
572433,3,2,2,1,0,7,High
447236,2,4,2,2,2,7,High
630411,1,1,0,1,1,24,Medium
519883,4,2,0,1,0,5,High
750546,1,4,1,0,1,16,Medium
760829,5,1,1,2,0,18,High
564869,2,1,2,2,1,0,High
633217,5,3,0,0,1,14,High
305195,9,1,1,0,2,12,High
595762,8,2,2,2,0,20,High
636036,0,2,2,0,2,2,High
145995,5,4,2,0,2,1,High
265690,8,4,1,0,0,2,High
351770,3,1,1,2,1,8,High
813392,1,0,0,0,0,15,Low
448988,3,3,0,1,0,23,High
959024,0,0,2,1,0,12,Medium
200553,2,1,2,2,2,18,High
580696,9,1,1,0,0,17,High
900438,8,0,1,1,0,20,High
279568,9,3,0,2,0,11,High
339278,4,0,0,1,1,11,Medium
171563,5,4,0,0,1,0,High
676701,2,2,1,2,1,19,High
719983,4,4,2,1,1,7,High
634615,7,2,0,2,2,16,High
413554,5,1,0,1,2,20,High
222503,3,3,1,1,0,19,High
163326,1,0,0,0,2,21,Low
727220,8,3,2,0,1,6,High
31344,0,0,1,1,0,8,Low
414966,0,4,0,2,0,16,Medium
992260,3,4,0,2,1,9,High
612245,6,0,1,0,1,3,High
125423,0,3,1,1,1,21,Medium
340197,8,0,0,0,2,6,Medium
484071,3,1,2,1,0,6,High
691256,2,4,1,1,1,7,High
206833,0,1,2,0,0,23,Medium
737912,9,4,0,2,0,23,High
795435,3,4,2,0,2,7,High
97454,8,2,0,1,0,15,Medium
277594,9,1,0,0,1,11,Medium
531897,5,1,0,2,1,14,High
372744,5,2,0,2,0,7,High
929164,0,3,2,1,0,21,High
536142,9,1,0,0,2,8,High
965439,1,0,0,2,1,2,Medium
57641,5,2,2,0,1,21,Medium
573999,1,1,1,2,0,20,High
876774,2,3,2,1,0,15,High
389040,3,1,2,1,0,14,High
687542,4,4,2,0,1,23,High
632121,8,0,0,1,0,3,High
338420,3,2,0,2,2,19,High
301685,8,4,0,1,2,15,High
900889,9,3,1,2,0,9,High
495526,2,4,0,2,2,10,High
64813,7,4,1,1,2,4,High
712558,0,3,0,2,2,10,High
684180,8,4,2,2,2,12,High
306214,8,2,0,0,2,14,High
948626,9,1,1,0,1,5,High
362703,1,4,1,0,0,15,Medium
224615,3,2,0,1,2,14,High
496657,7,1,2,0,0,10,High
586074,6,1,0,2,2,19,High
770294,0,4,0,1,1,1,High
775164,4,2,0,1,1,1,High
419953,6,4,2,1,2,11,High
842494,3,3,1,1,2,15,High
991741,0,1,2,2,2,18,High
858003,8,4,1,2,1,1,High
307654,4,1,1,0,1,16,Medium
301570,1,2,1,1,0,13,Medium
57265,7,0,2,0,1,23,Medium
955354,1,4,0,2,2,15,High
269321,2,4,0,1,0,4,High
86150,9,1,0,2,1,9,High
631600,0,2,0,0,1,16,Medium
109613,1,3,0,2,2,12,Medium
357054,6,2,2,1,0,15,High
858807,9,4,2,1,1,8,High
141826,1,3,2,0,1,23,Medium
579723,5,2,2,1,2,3,High
902875,2,0,2,2,0,23,High
470348,3,1,2,2,0,15,High
230017,7,2,2,2,0,22,High
154055,2,2,0,2,0,10,Medium
510457,9,0,1,0,2,6,High
696022,5,4,2,2,1,16,High
829942,0,1,1,0,1,21,Medium
753547,6,2,2,2,0,12,High
716358,7,3,2,0,0,3,High
470062,7,2,0,2,0,13,High
114071,2,1,1,2,1,9,Medium
813072,9,2,0,0,1,9,High
326691,0,0,0,1,0,9,Low
861052,8,2,1,1,2,11,High
166389,5,2,0,1,1,1,High
659896,8,3,2,0,1,22,High
289708,6,0,2,1,0,8,High
702705,0,0,2,1,2,4,High
658112,0,2,2,0,0,7,Medium
274444,5,3,2,1,0,20,High
623561,4,2,0,1,2,13,High
881291,8,2,0,1,2,6,High
231837,1,1,2,0,2,6,Medium
130017,7,1,2,0,1,8,Medium
143618,4,3,0,1,0,2,Medium
989897,1,4,1,1,1,13,High
479297,9,1,0,0,2,16,High
145341,5,4,0,1,1,17,High
835862,9,0,0,0,2,11,High
750892,7,1,0,1,2,21,High
572076,3,1,0,0,0,13,Medium
770865,1,3,1,2,0,12,High
461759,4,4,2,2,0,13,High
951423,1,1,2,0,1,8,Medium
875778,1,1,1,2,0,18,High
902554,5,3,2,1,2,1,High
584262,9,3,2,0,0,10,High
913741,8,4,2,0,1,16,High
560659,3,0,1,1,0,1,High
851516,5,0,1,1,0,18,High
442845,6,2,2,0,0,6,High
726544,5,1,2,1,1,17,High
344060,7,4,2,0,2,12,High
618260,3,1,0,1,2,4,High
213259,0,4,0,0,2,17,Medium
295128,6,4,0,1,0,22,High
839471,2,4,1,1,0,23,High
629719,5,1,2,2,1,23,High
890123,1,3,1,2,2,15,High
865038,8,1,1,2,0,14,High
423832,0,4,1,1,0,7,Medium
909097,5,2,2,0,0,14,High
649661,5,0,0,1,1,24,High
201144,4,4,2,2,2,0,High
831006,4,2,2,1,1,16,High
940934,0,3,1,2,2,14,High
270195,9,4,1,2,2,13,High
163748,4,2,1,0,0,13,Medium
424032,1,4,0,0,0,9,Medium
52733,6,1,0,2,0,1,High
761040,2,2,0,2,0,5,High
546338,3,1,2,1,0,16,High
129996,2,1,1,2,2,4,High
578221,2,2,2,1,0,4,High
569239,3,0,0,2,0,14,High
576701,4,2,1,0,1,14,High
185873,0,0,0,0,1,19,Low
730979,3,4,1,2,2,10,High
970417,7,4,1,1,2,4,High
919005,9,2,2,1,1,0,High
453816,6,4,2,1,1,10,High
733135,8,3,0,2,0,10,High
241888,4,1,2,2,0,5,High
805332,9,1,2,0,2,22,High
765453,3,0,2,0,1,7,High
787950,7,4,1,2,2,1,High
186472,8,0,2,0,0,14,Medium
417710,6,1,0,1,2,22,High
231760,6,1,1,1,2,21,High
142744,4,4,1,2,2,8,High
895863,3,3,2,1,0,14,High
750051,9,3,1,2,2,7,High
521946,0,4,0,1,0,15,Medium
63001,9,4,0,2,1,13,High
611652,9,0,1,1,2,14,High
931420,6,4,2,1,2,19,High
851460,0,3,2,0,0,12,High
258506,0,4,1,0,2,8,Medium
773019,4,0,0,0,0,0,Medium
450789,8,0,1,0,2,5,High
676166,5,0,2,0,1,7,High
930775,2,0,2,0,1,19,High
731998,2,2,1,2,1,17,High
672589,6,4,0,2,2,17,High
932727,5,1,1,0,2,16,High
519722,8,4,0,2,1,20,High
705117,5,2,0,0,1,15,High
578924,4,0,1,2,0,12,High
755457,9,2,1,1,0,21,High
199352,6,3,0,2,1,3,High
830694,0,3,0,2,1,3,High
886867,6,4,0,2,2,20,High
213283,2,4,0,1,1,13,High
992346,8,1,2,0,0,4,High
935015,5,1,1,2,0,15,High
470195,8,3,0,2,0,13,High
789884,4,0,1,1,0,13,Medium
451413,6,2,0,0,0,13,Medium
323988,3,1,1,2,0,24,High
346898,6,1,1,1,1,23,High
971661,0,0,0,0,0,24,Low
883561,6,0,0,0,0,13,Medium
322186,7,4,1,2,0,18,High
81665,4,2,1,2,0,2,Medium
266584,1,0,1,2,1,16,Medium
136953,4,1,2,2,2,13,High
496072,5,1,0,1,2,9,High
702736,1,3,2,1,2,12,High
206626,5,0,2,2,2,21,High
165271,5,4,0,0,0,3,Medium
138533,0,2,0,2,2,10,Medium
988452,0,4,2,0,2,14,High
618069,9,1,0,0,1,14,High
485966,2,4,1,0,1,23,High
86262,9,1,1,1,1,1,High
853032,9,1,2,0,0,10,High
96898,2,1,2,0,0,1,Medium
475699,3,1,0,1,0,22,Medium
169369,1,1,0,0,1,4,Low
574736,8,3,2,0,2,12,High
308316,9,4,2,2,1,0,High
980378,6,3,1,0,0,6,High
27657,6,3,1,0,1,6,Medium
497602,5,0,0,0,2,9,Medium
800977,2,0,1,0,0,5,Medium
962929,5,0,0,0,2,19,High
964189,7,2,0,1,2,11,High
394999,7,0,0,0,0,12,Medium
962082,8,4,1,0,2,23,High
704191,0,3,2,1,1,10,High
27906,0,4,2,1,2,17,High
343557,2,0,1,0,2,1,High
598316,2,2,2,0,2,15,High
813719,9,2,0,0,1,1,High
315804,7,3,2,2,2,18,High
488974,9,4,1,2,2,5,High
866936,0,1,2,0,1,0,High
735080,1,4,0,1,0,10,Medium
647267,1,0,0,0,0,17,Low
54701,2,1,1,1,0,9,Medium
103300,5,2,1,1,2,17,High
785537,0,3,1,1,0,0,High
693034,1,3,0,0,1,18,Medium
103560,0,2,2,0,2,15,Medium
262615,4,0,2,1,2,6,High
961378,6,2,1,2,2,14,High
63642,7,0,2,2,0,0,High
537083,9,1,2,2,0,22,High
511036,0,2,1,1,0,20,Medium
347304,6,0,1,0,2,8,High
824034,4,1,0,1,1,1,High
385464,9,2,0,2,2,16,High
633089,0,3,0,0,1,24,Medium
308075,2,2,0,1,2,23,High
114377,6,4,2,1,1,9,High
835624,9,2,2,2,2,5,High
852974,0,4,0,1,2,4,High
933447,6,1,0,0,1,7,High
848952,4,2,1,2,1,7,High
346916,0,1,2,2,1,4,High
471978,0,1,2,0,1,11,Medium
332250,0,0,0,2,1,6,Medium
625409,8,1,2,1,1,12,High
45559,2,1,1,1,1,12,Medium
912027,4,2,1,2,1,16,High
578030,9,2,2,0,2,3,High
876101,8,3,0,1,1,17,High
697114,5,0,2,0,1,9,High
155044,8,1,1,1,2,2,High
877263,7,0,0,1,2,11,High
132217,7,4,2,2,0,0,High
586161,0,1,0,2,0,10,Medium
912964,8,0,0,0,1,17,Medium
932699,5,3,1,2,1,12,High
423119,8,3,0,1,0,16,High
678380,2,1,2,1,0,7,High
848187,2,4,0,0,1,19,High
892388,5,3,0,0,0,18,High
106988,8,3,2,1,1,16,High
589936,6,4,1,2,2,1,High
145991,2,0,1,2,2,2,Medium
422732,2,3,2,0,0,2,High
526079,1,2,2,0,2,5,High
921437,8,3,1,1,2,9,High
546684,2,0,0,1,2,23,High
104082,4,0,2,0,2,21,Medium
956633,8,1,0,1,1,17,High
148322,7,2,2,0,1,17,Medium
676951,1,0,1,0,0,13,Medium
31303,2,4,0,2,2,15,High
181633,1,2,0,0,2,6,Low
353863,7,2,2,1,2,0,High
269690,5,4,0,2,0,16,High
804108,5,3,2,2,1,22,High
119616,8,4,1,1,2,24,High
930597,7,4,0,1,1,4,High
106231,3,3,2,1,0,0,High
289458,3,3,0,0,1,20,Medium
39623,8,3,2,2,2,16,High
743035,0,3,2,0,1,9,High
510042,1,3,2,0,1,11,High
478298,1,4,1,0,0,24,Medium
496840,5,1,0,0,0,19,Medium
125228,3,1,1,2,0,24,Medium
446346,9,0,2,2,0,1,High
727116,2,1,2,0,1,22,High
904056,2,1,1,1,1,15,High
701652,2,4,1,2,0,14,High
918217,5,3,0,0,0,12,High
540547,7,3,2,1,2,17,High
892638,6,4,1,1,2,19,High
89274,3,1,2,0,0,21,Medium
153541,3,4,2,2,1,13,High
73947,9,0,0,1,0,17,Medium
697894,1,3,0,2,1,1,High
214692,0,2,0,2,1,1,High
68874,8,0,1,1,2,2,Medium
593996,1,0,2,0,0,4,Medium
94553,7,4,1,1,0,24,High
612632,8,1,1,1,1,15,High
855570,3,3,0,2,0,21,High
729662,7,2,2,0,2,14,High
591926,8,0,2,2,2,11,High
98249,9,2,0,1,0,8,Medium
912297,9,1,2,0,0,13,High
547007,4,1,0,0,2,20,High
698250,6,2,1,0,0,15,High
490452,9,3,1,0,1,10,High
449725,3,1,0,0,0,5,Medium
62534,0,2,1,1,1,9,Medium
515518,2,0,1,1,0,7,Medium
636529,4,2,0,1,0,15,High
432003,2,2,1,2,2,2,High
146209,6,4,2,0,1,1,High
462061,8,1,1,0,2,15,High
209004,5,3,0,1,0,18,High
636412,9,3,2,0,2,8,High
635947,0,4,2,2,0,15,High
184134,6,3,1,0,0,21,Medium
95713,2,2,2,0,0,3,Medium
762623,4,4,0,2,1,9,High
508972,9,0,2,1,1,18,High
997965,3,1,1,1,1,12,High
95418,9,1,1,0,2,17,Medium
148232,4,1,2,2,0,14,High
972336,4,2,0,1,2,3,High
540551,5,0,0,1,2,8,High
183038,9,4,1,1,0,3,High
950491,9,4,1,0,2,15,High
188383,5,1,0,2,0,20,Medium
838007,7,0,2,0,0,14,High
345996,7,0,2,1,0,23,High
278722,8,0,2,2,0,1,High
152079,7,3,2,0,2,13,High
222053,1,3,0,1,2,2,High
620530,9,1,1,1,2,21,High
198589,0,0,1,0,1,22,Low
523238,9,0,2,1,2,3,High
49257,1,4,0,1,2,0,Medium
500488,1,4,0,2,1,22,High
455423,2,1,2,1,0,8,High
164353,9,0,2,0,0,16,Medium
343390,6,1,2,2,0,13,High
283579,1,4,1,0,1,16,Medium
249947,0,4,2,1,2,0,High
251758,5,3,1,2,2,9,High
635645,8,1,0,2,2,22,High
177732,2,1,0,2,2,15,High
942588,5,0,1,2,1,24,High
951011,2,0,1,0,2,18,High
747955,0,3,1,1,0,23,High
628095,4,2,1,1,1,24,High
458755,9,2,2,2,1,2,High
922385,3,2,0,1,0,11,High
158563,6,1,2,0,0,2,Medium
803066,5,1,1,1,2,14,High
526047,9,4,2,0,0,16,High
725552,6,1,2,0,1,17,High
930229,4,1,0,1,1,6,High
346032,3,1,2,0,1,18,High
617897,6,3,0,0,2,6,High
815509,6,1,1,0,2,4,High
792800,5,0,2,0,0,7,High
273973,7,0,1,2,2,20,High
303097,3,4,0,1,2,15,High
396826,9,3,1,2,1,15,High
534257,4,0,1,0,1,18,Medium
874321,3,3,0,1,0,24,High
699181,0,3,1,0,1,14,Medium
450783,7,4,1,1,2,6,High
135374,0,3,1,2,0,4,Medium
569148,4,1,2,1,0,22,High
696555,5,3,1,0,1,10,High
621763,5,4,0,1,1,9,High
504090,4,4,2,1,1,24,High
893698,2,4,2,2,0,20,High
696787,4,0,0,0,1,22,Medium
907164,7,1,1,1,2,8,High
309227,1,0,2,2,0,0,High
762406,5,2,2,1,1,19,High
863804,8,1,2,0,2,0,High
668074,7,3,1,1,2,7,High
981568,7,4,2,1,1,2,High
552101,7,2,0,1,2,1,High
51598,6,1,1,1,0,3,Medium
525934,7,0,0,0,0,18,Medium
802239,5,4,0,2,2,10,High
637394,1,0,2,2,0,4,High
309226,1,1,2,1,1,23,Medium
835673,7,1,2,0,2,9,High
247286,0,2,0,0,0,23,Low
457785,5,3,1,0,1,22,High
31745,5,0,2,0,1,7,Medium
832461,3,2,2,0,0,12,High
164097,9,4,0,0,2,4,High
252732,2,3,1,1,1,11,High
929827,2,2,0,2,1,12,High
689648,0,0,2,2,1,21,High
633474,2,1,0,1,1,7,High
944044,3,4,2,2,2,14,High
904200,4,0,1,0,0,12,Medium
233030,2,3,0,0,0,0,High
744238,5,3,2,2,0,21,High
586134,4,1,2,0,1,5,High
358076,2,1,2,0,2,10,High
168554,5,4,2,2,0,12,High
305555,5,4,0,1,2,20,High
464191,7,1,2,2,0,19,High
473761,1,1,0,2,1,0,High
525518,0,3,2,2,0,10,High
360941,3,1,0,2,1,10,High
334451,6,2,0,1,1,7,High
940597,9,0,2,1,0,21,High
304186,2,1,2,0,2,2,High
597218,2,4,2,0,1,18,High
792944,4,2,2,2,2,11,High
457629,4,4,1,0,0,5,Medium
788747,9,2,2,1,1,22,High
244695,2,1,2,0,2,7,High
904315,8,0,2,0,1,4,High
315900,3,4,0,0,0,9,Medium
73268,2,2,2,2,1,21,High
452430,1,3,0,0,0,15,Medium
232943,9,1,0,1,2,11,High
803204,8,0,0,1,1,16,High
441818,3,1,0,1,2,5,High
728691,2,3,1,1,0,8,High
593189,6,0,2,0,0,9,High
382130,7,3,0,2,2,19,High
214488,1,1,2,1,2,13,High
707556,6,2,0,1,0,13,High
410530,4,1,1,2,2,16,High
812058,4,1,0,2,0,24,High
682784,2,1,2,1,2,15,High
819289,4,4,2,1,0,3,High
261531,1,3,1,2,0,1,High
266693,3,3,2,1,1,15,High
957486,5,3,2,1,0,0,High
939484,0,4,0,0,0,2,Medium
723650,9,2,2,2,1,22,High
570719,3,1,0,0,1,10,Medium
891408,5,2,1,0,2,15,High
258360,8,4,2,2,2,17,High
364855,1,3,0,0,0,14,Medium
527403,6,1,2,1,2,8,High
46385,5,0,0,0,2,11,Medium
451374,1,0,1,2,0,17,Medium
436235,7,2,0,1,1,4,High
300783,6,3,2,1,1,23,High
105530,4,0,0,1,0,7,Low
775271,4,2,2,1,0,2,High
303707,6,4,1,0,0,1,High
976845,8,2,0,0,0,24,High
397816,8,2,2,1,0,18,High
943280,8,2,2,2,0,7,High
449660,5,1,2,1,2,1,High
421927,9,2,0,0,2,18,High
749678,5,2,0,1,2,0,High
365114,2,1,0,0,1,21,Medium
263373,0,1,1,1,0,12,Medium
367697,6,4,2,2,0,22,High
181779,3,3,2,1,2,19,High
190182,0,0,1,2,1,16,Medium
737148,7,0,1,2,2,2,High
627167,5,2,0,1,0,8,High
976331,5,4,0,2,0,4,High
258260,1,2,0,2,2,5,High
943159,0,0,0,0,2,3,Medium
851291,1,1,0,0,0,16,Medium
991129,3,3,0,2,2,20,High
858530,1,4,1,1,0,20,High
690611,0,1,1,2,2,20,High
666701,6,3,1,1,1,15,High
806958,7,4,2,0,0,15,High
350904,5,4,2,1,1,21,High
67837,3,0,0,2,2,10,Medium
538349,5,1,1,2,1,1,High
804838,2,4,2,2,2,16,High
817968,7,4,2,2,1,14,High
572829,9,3,1,2,1,17,High
99083,1,0,2,1,1,9,Medium
988531,4,2,2,2,0,5,High
578819,0,0,1,0,1,20,Medium
290856,5,2,2,2,2,15,High
386245,1,1,1,1,2,4,Medium
871887,3,1,2,2,0,11,High
619032,5,4,1,2,0,5,High
797147,9,1,2,1,2,13,High
674037,7,4,2,2,1,22,High
811541,7,0,1,1,2,15,High
855700,5,1,2,2,0,24,High
776097,3,0,1,0,0,6,Medium
861047,7,0,1,2,2,1,High
626791,7,1,2,1,1,5,High
274346,9,0,0,0,1,8,Medium
967263,0,1,2,1,0,6,High
629996,3,1,0,2,2,1,High
735472,3,1,0,0,2,18,High
646759,6,2,2,1,0,7,High
798513,6,0,0,0,2,10,High
177661,7,3,1,0,0,24,Medium
705375,4,1,1,1,1,3,High
180081,6,0,0,0,1,15,Medium
889741,7,4,1,1,2,24,High
408590,8,1,2,0,1,17,High
737406,2,1,1,0,1,12,High
913093,2,3,0,0,0,4,High
701503,3,2,2,2,0,1,High
26154,4,2,1,2,2,10,High
697164,9,1,2,1,0,0,High
979192,0,0,0,0,2,12,Medium
84288,6,4,1,1,2,4,High
71195,8,4,2,2,0,17,High
302725,7,0,2,2,1,13,High
465864,4,1,1,2,1,12,High
312231,3,4,2,2,1,6,High
725290,6,2,2,1,1,7,High
184053,4,0,0,0,2,17,Medium
613586,6,3,0,1,1,6,High
852599,0,1,0,0,2,19,Medium
750664,0,0,0,2,0,16,Medium
456624,9,4,0,0,0,15,High
59499,2,1,0,2,2,10,High
407960,1,2,1,1,1,18,Medium
465485,1,1,0,0,2,0,Medium
713919,6,1,2,1,1,20,High
265198,9,2,1,2,1,7,High
487535,1,2,2,1,2,0,High
787285,3,1,0,2,2,8,High
640635,1,2,0,2,1,18,High
330931,5,0,2,2,2,20,High
317632,7,2,2,1,1,8,High
356585,9,2,2,1,2,20,High
750023,3,1,1,0,0,24,Medium
42431,4,0,0,0,1,9,Low
343825,3,3,2,1,0,23,High
214555,2,3,0,1,2,22,High
667008,4,4,2,1,0,10,High
593441,8,2,0,1,2,0,High
288512,7,2,1,2,1,19,High
964928,7,0,0,2,2,24,High
918792,7,3,2,2,2,7,High
196076,7,4,0,1,1,19,High
239724,6,0,1,2,2,11,High
919187,7,2,1,2,1,0,High
601273,7,3,0,0,2,9,High
856501,7,4,2,0,1,3,High
334470,9,1,1,2,0,14,High
653025,6,3,1,2,2,18,High
756421,0,4,0,2,2,5,High
698758,3,0,1,1,2,4,High
773753,3,1,1,0,1,4,High
70861,4,4,2,0,2,17,High
358041,9,4,2,0,1,2,High
232977,5,2,2,2,2,21,High
671406,3,3,0,1,0,1,High
875009,1,2,1,0,2,3,Medium
741001,5,1,0,0,0,17,High
29078,7,4,1,1,1,8,High
962507,7,2,1,2,0,18,High
344912,6,3,1,2,2,9,High
595335,5,1,2,0,2,21,High
878058,1,0,0,0,1,14,Medium
864092,6,2,0,1,2,0,High
779746,4,1,1,0,2,10,High
987290,5,0,0,1,1,13,High
415141,9,2,2,0,1,9,High
235048,7,1,0,0,0,18,Medium
780581,7,1,1,0,1,23,High
662120,2,2,2,2,2,20,High
936838,6,1,2,1,1,15,High
669438,0,4,1,1,2,7,High
177087,0,2,0,2,0,1,Medium
53320,6,1,1,2,1,22,High
347025,9,0,0,2,2,24,High
635115,8,0,0,1,1,6,High
533287,6,4,2,0,1,18,High
384359,9,2,1,2,1,6,High
963793,4,1,2,2,1,14,High
279931,7,1,1,2,0,7,High
940893,1,0,1,0,2,13,Medium
963187,8,4,2,0,1,0,High
426845,5,0,1,2,2,12,High
867982,8,0,1,0,0,2,Medium
569114,1,4,0,2,2,20,High
120734,2,2,1,0,2,5,Medium
177702,7,1,1,1,0,18,Medium
774122,0,2,2,1,1,14,High
197235,9,3,2,0,2,3,High
118511,6,3,1,1,2,20,High
293797,6,3,0,1,1,2,High
703321,0,4,0,1,1,3,High
626229,8,0,2,2,2,4,High
749497,7,2,1,0,0,17,High
840094,3,1,1,0,1,24,High
118818,9,3,0,0,1,9,Medium
993950,4,2,0,1,0,7,High
172360,1,3,0,2,2,11,Medium
797915,8,3,2,0,1,21,High
639369,5,1,1,1,2,2,High
581165,2,4,2,2,2,17,High
393706,6,0,1,2,2,22,High
952817,8,4,2,0,0,7,High
231957,2,2,1,0,2,0,High
92715,1,4,0,1,2,13,Medium
161398,6,2,0,0,1,21,Medium
654379,6,2,0,1,1,22,High
539052,3,0,2,2,0,12,High
152632,8,1,0,2,0,24,Medium
885580,7,0,1,2,1,11,High
103186,0,4,2,2,1,2,High
964249,0,2,1,0,0,17,Medium
707250,4,3,2,0,2,20,High
171094,5,3,1,1,0,12,High
930061,2,2,1,1,2,14,High
990083,8,0,2,1,1,9,High
614604,9,1,2,1,1,0,High
48380,5,0,0,1,1,5,Medium
654486,3,2,0,2,2,8,High
284500,6,2,1,2,0,9,High
90326,7,1,1,2,2,14,High
898879,8,4,1,1,0,8,High
659282,5,4,2,2,0,22,High
240971,5,1,2,2,0,13,High
826481,7,4,0,2,1,10,High
488933,4,3,1,2,0,6,High
911793,2,4,0,0,1,23,High
822514,2,4,2,1,0,1,High
807093,5,4,2,1,0,13,High
188484,1,3,2,0,1,5,Medium
809352,5,4,0,2,1,4,High
504410,5,3,2,2,2,4,High
789666,7,1,1,2,0,18,High
997819,6,0,0,1,1,18,High
361705,7,1,2,1,2,5,High
815378,8,0,0,1,2,9,High
245314,5,1,0,1,1,22,High
458716,2,0,2,1,0,13,Medium
779900,9,0,2,0,2,16,High
822741,2,2,0,1,0,2,High
599518,0,0,0,2,0,0,Medium
918254,4,0,2,1,2,9,High
511872,3,2,1,0,1,2,High
536998,8,4,0,2,0,4,High
967531,8,4,0,0,1,24,High
539984,4,2,1,2,2,18,High
485757,9,3,2,1,0,9,High
394484,3,0,2,0,1,24,Medium
528062,6,0,1,2,1,15,High
603609,5,2,2,1,0,0,High
152028,3,2,2,2,1,5,High
251447,9,3,0,0,1,8,High
880563,1,4,0,0,2,4,High
461124,0,1,0,0,2,13,Medium
832395,3,4,1,0,1,9,High
646045,3,0,2,1,1,1,High
452659,0,2,2,2,0,4,High
905691,5,3,0,1,2,0,High
321207,3,4,0,0,0,24,Medium
396369,0,3,1,2,1,9,High
398544,0,4,2,0,0,24,Medium
362962,0,0,1,1,1,21,Medium
286847,7,1,2,1,2,8,High
740488,9,3,1,1,2,2,High
616387,7,3,0,2,1,14,High
439065,1,1,1,2,2,3,High
707220,6,3,1,0,1,12,High
51585,7,3,0,2,0,5,High
435231,7,4,2,2,1,19,High
587873,9,4,2,1,0,16,High
309102,6,1,0,0,1,22,Medium
308161,4,0,1,1,2,4,High
406821,0,3,1,0,1,14,Medium
982854,8,0,1,0,1,7,High
949705,6,1,2,2,1,24,High
835858,1,1,1,1,2,4,High
299922,5,4,2,2,1,23,High
720601,1,3,1,2,2,12,High
62229,0,2,0,2,1,0,Medium
106652,6,1,0,0,0,0,Medium
934699,1,3,2,1,1,6,High
269474,1,0,2,1,0,21,Medium
723724,4,4,0,2,2,4,High
932935,4,0,0,0,2,13,Medium
280116,6,1,1,1,1,14,High
891310,0,1,0,1,2,20,High
863488,7,0,2,2,1,24,High
964994,2,1,0,0,2,16,High
540985,3,3,2,2,0,23,High
39975,8,1,2,1,2,17,High
177795,3,4,1,0,0,6,Medium
436495,9,3,1,2,1,21,High
229373,4,2,1,1,1,17,High
949065,6,1,1,2,1,18,High
217133,3,1,0,2,0,19,High
894829,0,4,1,2,1,6,High
724513,8,4,0,0,1,7,High
315286,3,0,1,1,0,12,Medium
833348,8,0,1,1,2,17,High
608612,5,0,2,1,1,23,High
196037,0,4,0,1,2,10,Medium
408076,2,0,2,0,2,8,High
680008,1,0,1,2,1,22,Medium
710493,8,2,0,1,1,0,High
988181,0,0,1,0,0,21,Medium
640347,8,1,2,2,0,7,High
642605,8,4,0,0,1,20,High
745495,7,3,2,0,2,11,High
317190,7,2,1,1,0,1,High
460280,0,4,1,1,0,14,Medium
121459,7,4,1,2,1,20,High
781985,9,1,0,2,1,23,High
220422,2,0,2,1,1,17,High
852325,6,1,2,0,1,16,High
121520,0,0,1,1,0,14,Low
932250,0,0,2,2,0,19,High
605560,9,4,0,0,0,19,High
767512,4,0,1,0,2,8,High
536123,4,2,1,0,0,2,Medium
349793,7,2,1,1,0,19,High
346818,6,2,0,1,1,18,High
164832,7,4,1,2,0,17,High
172999,5,1,1,0,0,19,Medium
368619,5,3,1,0,0,7,High
81367,1,0,1,1,1,0,Medium
773315,5,3,2,2,0,23,High
425804,4,1,1,2,0,23,High
928182,2,1,0,0,2,14,High
777038,5,4,1,1,2,18,High
255806,7,2,1,0,2,9,High
924586,8,2,2,1,2,11,High
727593,0,1,1,2,1,5,High
64738,2,4,2,0,2,12,High
577685,2,4,0,0,0,3,High
364333,7,0,2,0,2,12,High
358511,0,2,1,2,1,16,Medium
222332,4,1,0,0,2,0,High
402729,2,3,1,2,2,4,High
883051,1,2,2,1,1,23,High
131453,7,0,0,2,1,16,Medium
39816,2,4,0,1,1,17,Medium
979744,6,1,2,2,1,6,High
943780,0,2,2,2,1,15,High
789299,5,3,0,0,1,7,High
885962,2,0,0,2,0,11,High
436715,7,0,2,0,2,13,High
391000,5,2,1,1,2,18,High
233567,1,3,0,1,1,10,Medium
534933,5,0,2,0,1,11,High
615923,6,1,1,1,0,12,High
914235,4,0,0,2,0,7,High
236184,2,3,0,0,1,0,High
318090,3,4,2,0,0,8,High
337348,3,4,1,0,0,1,High
202958,5,2,0,1,1,13,High
297707,9,3,1,1,1,12,High
112324,0,0,1,2,1,15,Medium
243536,3,0,0,2,1,1,High
777232,9,4,1,0,2,3,High
291991,3,4,0,2,2,11,High
46155,9,1,1,1,1,15,Medium
361815,0,4,0,2,0,9,Medium
661179,8,1,2,1,1,2,High
889742,3,0,0,2,2,3,High
480494,6,1,0,1,0,5,High
169381,2,1,0,1,2,22,Medium
151691,9,2,1,2,1,4,High
496410,2,4,2,2,2,17,High
463324,7,1,1,1,2,2,High
54707,7,0,1,0,2,9,Medium
957841,0,3,0,2,0,10,High
538477,9,1,1,1,2,18,High
887969,1,4,0,2,0,13,High
741864,7,2,2,2,1,20,High
722974,0,0,1,2,1,10,Medium
766788,7,2,1,2,2,20,High
373299,7,3,1,2,0,3,High
806713,1,1,0,0,1,23,Medium
178492,3,1,0,0,0,21,Low
494112,5,4,1,0,0,5,High
190102,8,1,1,1,2,16,High
414274,7,0,2,0,2,21,High
237285,7,3,2,0,0,18,High
358404,6,2,2,1,0,12,High
179476,8,3,2,0,2,21,High
778842,1,1,2,2,0,9,High
180928,2,2,0,0,2,10,Medium
684560,9,4,2,0,0,5,High
870610,7,3,2,0,2,1,High
316141,5,2,1,2,0,0,High
963115,9,2,0,2,2,10,High
663561,8,2,2,2,0,15,High
716595,9,0,2,2,1,2,High
268500,3,3,2,1,1,4,High
710417,7,2,1,2,0,14,High
152311,9,3,1,2,1,14,High
779034,2,2,1,2,0,3,High
265546,2,4,2,2,0,22,High
216733,7,4,1,1,1,3,High
671233,4,4,2,0,0,7,High
589560,2,1,0,0,2,6,High
895825,9,2,2,2,0,24,High
867644,0,1,1,2,0,16,High
166470,2,3,0,2,1,14,High
664318,8,1,2,0,2,4,High
338647,4,3,0,0,0,12,Medium
944142,9,3,0,2,0,3,High
26570,1,3,0,0,0,21,Low
350929,6,1,2,1,0,16,High
553398,1,2,1,2,0,21,High
519115,3,1,2,2,0,16,High
99141,6,2,1,1,2,13,High
32115,3,2,2,1,2,13,High
59062,6,3,2,0,0,16,High
829343,6,1,2,1,0,7,High
648349,0,2,1,2,1,1,High
314700,5,4,2,0,2,12,High
410479,8,2,0,1,2,21,High
546257,1,4,2,0,0,15,High
850185,2,1,0,0,2,15,High
417686,9,1,1,0,2,5,High
141863,4,1,1,0,1,21,Medium
816657,8,2,2,1,1,23,High
521076,3,0,2,2,2,3,High
667296,0,2,2,2,2,2,High
520726,3,2,0,1,2,5,High
698556,5,3,1,2,0,3,High
650111,4,3,0,0,1,17,High
820101,0,2,0,0,0,5,Medium
974884,3,4,2,0,1,4,High
930830,5,3,2,1,1,8,High
654965,9,2,0,0,1,10,High
791246,9,0,0,0,2,5,High
68320,3,4,2,1,1,15,High
984918,8,1,2,0,0,18,High
516758,4,2,0,0,1,10,Medium
166649,7,2,2,2,0,20,High
145354,8,4,2,1,1,14,High
632297,9,3,0,0,1,23,High
801725,4,3,0,0,2,8,High
468625,5,3,1,0,0,23,High
48625,0,1,0,0,1,18,Low
756400,6,4,2,2,1,24,High
306233,3,4,0,2,0,18,High
56487,1,3,0,2,1,23,Medium
479054,4,3,0,2,2,8,High
248071,2,0,1,1,0,22,Medium
916880,5,0,1,0,2,3,High
508011,7,2,2,2,0,9,High
332282,6,2,1,0,0,8,Medium
193895,2,4,0,1,0,18,Medium
450424,7,4,1,0,1,14,High
336205,1,1,0,0,0,18,Low
968163,9,1,1,2,0,1,High
121376,8,0,1,2,0,9,Medium
445106,3,2,1,1,2,18,High
885566,0,0,0,0,0,16,Low
853487,7,0,1,2,1,19,High
787629,6,2,0,2,0,23,High
301652,4,1,0,2,0,20,High
979791,9,2,2,1,2,1,High
492132,4,3,1,0,1,18,High
178056,6,3,2,2,1,16,High
654457,4,3,2,0,1,17,High
814557,7,4,0,1,0,16,High
580347,5,1,1,0,0,1,High
482785,4,1,0,2,1,18,High
647697,8,4,0,0,1,0,High
954591,1,0,1,0,2,10,Medium
519653,0,3,0,1,1,24,High
549992,7,3,1,1,0,9,High
998080,2,0,1,0,0,4,Medium
748744,6,2,0,0,0,15,High
762488,9,2,0,0,2,23,High
655567,7,1,2,1,1,4,High
702568,5,4,0,1,0,23,High
662804,9,1,1,0,2,22,High
542828,8,2,2,1,2,11,High
498366,6,0,1,2,0,3,High
741384,9,1,2,1,2,22,High
977386,4,3,0,1,2,5,High
439139,7,3,0,1,0,18,High
539777,1,0,0,2,2,8,High
396188,6,2,1,2,0,11,High
252549,3,3,2,2,0,14,High
573453,8,3,1,0,2,15,High
611491,0,4,2,0,0,12,High
504965,6,1,0,2,0,24,High
810546,5,2,1,0,1,20,High
56321,7,1,0,0,0,23,Medium
355441,4,2,1,0,1,6,Medium
903084,0,3,0,2,1,24,High
905736,0,4,1,1,1,22,High
265014,8,1,1,2,1,19,High
176498,9,3,2,2,2,3,High
37772,5,2,0,0,2,10,Medium
910186,9,1,2,0,0,7,High
810144,4,1,2,1,0,5,High
414583,0,3,0,1,0,24,Medium
258389,5,1,1,1,2,9,High
659430,5,4,2,1,1,6,High
636024,2,4,0,2,2,6,High
71924,7,3,1,1,2,3,High
548014,0,2,2,2,0,2,High
371296,0,3,2,0,0,23,Medium
47723,5,4,2,1,0,6,High
933401,9,0,1,0,1,3,High
778470,0,0,2,0,1,12,Medium
906926,5,1,1,2,2,19,High
684468,0,1,2,1,1,16,High
228786,5,0,0,2,0,6,High
579931,2,4,2,0,1,16,High
706684,7,1,0,1,1,3,High
910328,5,3,0,0,1,10,High
234432,0,3,0,0,1,2,Medium
159999,4,4,1,1,0,10,Medium
900112,7,1,0,1,0,2,High
378690,2,3,2,1,2,11,High
959947,5,1,1,2,2,0,High
99973,4,1,0,2,2,3,High
869881,5,3,1,0,1,13,High
654122,9,0,1,1,1,0,High
780674,0,3,1,0,0,13,Medium
473449,6,4,2,0,2,12,High
307681,8,2,0,0,0,12,Medium
514509,1,3,1,0,2,23,High
884008,9,1,1,0,2,14,High
651810,4,1,1,1,2,16,High
566900,9,3,0,2,1,11,High
245049,3,2,1,1,2,21,High
288615,5,3,1,1,2,22,High
186703,5,2,2,1,1,13,High
784357,1,2,0,2,2,11,High
767419,1,4,2,2,1,17,High
51348,3,1,0,2,1,3,Medium
215804,0,1,0,1,0,13,Medium
807609,8,2,0,2,1,18,High
155832,6,1,2,0,1,12,Medium
314923,6,0,2,2,1,24,High
303780,2,2,2,1,2,22,High
626177,2,1,2,1,0,17,High
73551,0,0,1,0,2,10,Low
424772,2,4,1,2,1,5,High
965102,2,1,1,2,1,8,High
686923,3,0,0,0,0,11,Medium
591107,3,3,1,1,0,18,High
355914,2,3,0,1,1,13,High
440182,9,0,2,2,1,14,High
232781,7,2,0,2,2,10,High
473105,7,2,0,2,1,5,High
702347,0,1,1,2,2,13,High
885146,6,3,2,2,0,2,High
733708,1,2,2,1,2,18,High
568884,0,2,1,1,1,19,Medium
970678,2,3,2,1,2,24,High
870538,3,4,2,1,2,10,High
79182,5,2,2,0,0,23,Medium
369307,9,0,1,1,2,16,High
321454,4,1,2,0,1,16,High
338232,3,2,0,1,2,22,High
673091,7,2,0,2,2,2,High
159978,3,4,2,2,2,13,High
843346,9,0,1,2,1,6,High
916782,1,1,1,0,2,24,Medium
589667,2,2,1,1,1,18,High
491828,5,1,2,1,2,2,High
790188,7,3,2,0,0,1,High
278517,7,2,0,0,0,16,Medium
975154,8,2,1,0,0,8,High
460097,6,3,0,0,1,21,High
328557,1,4,0,0,1,5,Medium
157084,7,2,1,2,1,23,High
725475,6,1,2,1,2,20,High
813583,7,0,2,0,1,8,High
602004,2,1,0,2,1,4,High
900179,6,4,0,0,1,1,High
768013,9,0,0,2,1,21,High
711738,8,1,0,0,0,14,High
718012,2,1,1,1,2,8,High
223502,9,3,0,0,0,18,High
164539,5,4,0,0,2,9,High
444226,1,3,2,1,2,3,High
541863,1,0,2,1,0,9,Medium
141999,4,3,2,0,1,7,Medium
134793,4,4,1,1,0,21,Medium
992195,6,2,1,1,2,12,High
477373,1,2,2,2,2,6,High
390321,6,0,2,1,1,6,High
32289,4,2,0,1,0,3,Medium
720336,5,3,0,0,2,14,High
718956,7,0,1,0,0,11,Medium
960675,9,4,1,2,1,15,High
775801,3,0,0,0,1,5,Medium
277368,6,0,2,1,2,8,High
106365,5,1,0,1,1,2,Medium
774950,9,1,1,1,2,7,High
920446,1,0,1,0,2,6,Medium
195211,7,2,0,1,1,3,Medium
199785,9,1,0,1,1,12,Medium
967238,8,4,0,2,0,18,High
92588,4,3,1,2,0,6,High
83646,9,1,2,2,2,9,High
285798,3,0,0,0,0,24,Medium
502238,5,2,1,1,2,11,High
825175,7,3,1,1,1,2,High
854800,2,1,1,1,1,24,High
765385,9,2,0,2,0,23,High
749532,0,2,0,1,2,11,High
943945,3,2,2,1,2,18,High
139735,3,0,1,1,0,14,Medium
175683,0,4,0,1,2,7,Medium
926323,8,2,1,1,2,11,High
652259,2,3,1,0,1,19,High
556437,4,1,2,1,2,5,High
382246,5,3,0,0,2,9,High
341333,7,0,0,1,2,1,High
783264,5,0,1,0,0,23,Medium
959179,2,3,1,1,0,12,High
877463,5,4,2,1,0,24,High
586956,0,0,2,1,2,6,High
426889,3,0,2,1,2,7,High
632492,5,3,2,2,0,22,High
231830,6,0,2,1,0,15,High
216501,9,4,2,0,2,10,High
436885,2,4,1,2,2,3,High
185140,8,4,2,2,1,16,High
764149,6,1,1,1,0,15,High
160507,0,4,1,0,2,18,Medium
245160,1,4,0,0,0,22,Medium
203321,0,1,1,2,0,10,Medium
581672,8,2,1,0,0,6,High
541998,8,0,2,1,1,12,High
626217,6,4,1,1,2,18,High
934391,9,0,2,1,2,16,High
620441,2,3,2,1,0,24,High
779416,4,0,2,1,2,21,High
95388,3,1,0,2,1,12,Medium
575689,6,0,2,1,0,11,High
538727,8,0,1,1,1,6,High
747191,1,0,2,2,1,0,High
663791,7,2,2,2,2,0,High
252601,8,2,2,2,2,19,High
147834,9,3,0,0,1,22,Medium
54084,9,1,1,0,2,13,Medium
271459,8,0,0,1,1,14,Medium
654929,9,0,1,1,1,10,High
125111,6,0,0,1,0,23,Medium
469042,8,0,1,0,1,8,Medium
449667,8,2,0,1,1,16,High
682587,2,3,2,1,2,3,High
182982,3,4,0,0,0,19,Medium
318185,1,1,0,2,2,18,High
895352,9,0,2,0,0,6,High
347825,2,3,2,1,2,0,High
254386,4,4,1,0,1,8,High
363715,4,3,1,2,0,12,High
216553,5,2,1,2,0,23,High
481792,6,4,0,2,0,1,High
521174,6,3,1,2,0,1,High
804625,0,2,0,2,2,23,High
671844,1,3,0,2,2,14,High
215246,8,3,1,1,0,16,High
570448,9,4,1,1,0,12,High
266242,1,2,0,0,0,6,Low
531083,5,0,2,1,2,8,High
37633,0,1,2,2,0,11,Medium
823446,2,4,0,1,0,2,High
886964,1,2,1,0,0,22,Medium
69104,2,3,0,2,2,21,High
979125,4,2,0,1,1,14,High
883663,9,1,1,1,1,6,High
88388,5,1,2,0,2,22,High
560302,8,0,0,2,1,0,High
112578,9,0,2,0,0,13,Medium
709115,3,1,2,2,0,18,High
584678,6,4,1,2,2,15,High
305855,5,4,0,1,2,9,High
111658,1,3,0,0,1,0,Medium
77993,9,0,2,0,1,4,Medium
225768,7,3,2,0,0,2,High
178285,6,0,1,2,2,16,High
791148,6,1,2,0,1,17,High
471000,7,4,1,2,1,20,High
813853,0,4,0,0,0,18,Medium
762296,0,1,1,0,0,21,Medium
562015,7,3,2,1,0,24,High
918850,3,3,0,0,0,21,High
548646,4,2,1,1,1,17,High
347252,7,0,0,1,2,15,High
277681,4,3,1,2,2,1,High
114018,9,1,2,0,0,14,Medium
406601,3,3,2,0,0,12,High
969621,5,4,0,0,1,12,High
314054,4,0,0,1,0,15,Medium
671176,6,2,0,0,2,7,High
249104,9,0,1,2,0,10,High
862186,6,4,2,2,2,7,High
213510,3,4,0,0,0,21,Medium
129847,4,4,0,1,0,9,Medium
966875,2,4,0,2,2,22,High
464717,3,1,1,2,1,0,High
474162,3,2,0,1,1,11,Medium
844899,2,4,0,2,0,8,High
955129,9,4,1,1,0,4,High
316037,4,3,1,2,2,8,High
96329,4,2,0,1,2,15,Medium
51007,6,0,0,2,0,17,Medium
714892,3,2,1,0,2,7,High
336397,3,2,2,2,1,22,High
32323,8,2,1,2,1,10,High
917767,5,4,2,0,2,19,High
132356,3,4,0,0,2,18,Medium
655232,1,1,0,0,2,3,Medium
224451,5,0,2,0,1,19,High
951714,1,3,1,1,0,9,High
298600,4,2,0,1,2,23,High
575655,5,0,2,2,2,12,High
74624,3,0,1,2,2,19,Medium
423322,2,1,2,2,0,13,High
254565,6,3,1,1,2,20,High
88008,1,2,1,2,2,1,High
932358,5,3,1,2,1,3,High
397539,3,1,1,1,2,6,High
136492,5,4,2,2,1,18,High
92240,3,0,2,1,0,16,Medium
346459,3,2,2,1,2,15,High
745947,3,4,2,0,2,12,High
292900,8,1,2,0,1,23,High
481227,6,3,1,1,0,23,High
318522,2,0,0,1,0,21,Medium
155327,2,2,0,0,1,22,Medium
951988,5,4,2,2,0,17,High
669991,5,4,2,2,0,20,High
862981,3,0,0,2,0,11,High
185575,8,3,1,1,0,22,High
880226,3,1,2,0,0,24,High
